mc	mn	quarterbeats	quarterbeats_all_endings	duration_qb	mc_onset	mn_onset	timesig	staff	voice	duration	gracenote	nominal_duration	scalar	tied	tpc	midi	name	octave	chord_id
1	0	0	0	0.5	0	5/8	6/8	1	1	1/8		1/8	1		8	56	G#3	3	0
1	0	0	0	0.5	0	5/8	6/8	1	1	1/8		1/8	1		8	68	G#4	4	0
2	1	1/2	1/2	0.25	0	0	6/8	2	1	1/16		1/16	1		7	37	C#2	2	5
2	1	1/2	1/2	1.0	0	0	6/8	1	1	1/4		1/4	1		7	61	C#4	4	1
2	1	1/2	1/2	1.0	0	0	6/8	1	1	1/4		1/4	1		7	73	C#5	5	1
2	1	3/4	3/4	0.25	1/16	1/16	6/8	2	1	1/16		1/16	1		8	44	G#2	2	6
2	1	1	1	0.25	1/8	1/8	6/8	2	1	1/16		1/16	1		7	49	C#3	3	7
2	1	5/4	5/4	0.25	3/16	3/16	6/8	2	1	1/16		1/16	1		4	52	E3	3	8
2	1	3/2	3/2	0.25	1/4	1/4	6/8	2	1	1/16		1/16	1		7	49	C#3	3	9
2	1	3/2	3/2	0.5	1/4	1/4	6/8	1	1	1/8		1/8	1		9	63	D#4	4	2
2	1	3/2	3/2	0.5	1/4	1/4	6/8	1	1	1/8		1/8	1		9	75	D#5	5	2
2	1	7/4	7/4	0.25	5/16	5/16	6/8	2	1	1/16		1/16	1		4	52	E3	3	10
2	1	2	2	0.25	3/8	3/8	6/8	2	1	1/16		1/16	1		7	49	C#3	3	11
2	1	2	2	1.0	3/8	3/8	6/8	1	1	1/4		1/4	1		4	64	E4	4	3
2	1	2	2	1.0	3/8	3/8	6/8	1	1	1/4		1/4	1		4	76	E5	5	3
2	1	9/4	9/4	0.25	7/16	7/16	6/8	2	1	1/16		1/16	1		4	52	E3	3	12
2	1	5/2	5/2	0.25	1/2	1/2	6/8	2	1	1/16		1/16	1		7	49	C#3	3	13
2	1	11/4	11/4	0.25	9/16	9/16	6/8	2	1	1/16		1/16	1		4	52	E3	3	14
2	1	3	3	0.25	5/8	5/8	6/8	2	1	1/16		1/16	1		7	49	C#3	3	15
2	1	3	3	0.5	5/8	5/8	6/8	1	1	1/8		1/8	1		6	66	F#4	4	4
2	1	3	3	0.5	5/8	5/8	6/8	1	1	1/8		1/8	1		6	78	F#5	5	4
2	1	13/4	13/4	0.25	11/16	11/16	6/8	2	1	1/16		1/16	1		8	44	G#2	2	16
3	2	7/2	7/2	0.25	0	0	6/8	2	1	1/16		1/16	1		7	37	C#2	2	21
3	2	7/2	7/2	1.0	0	0	6/8	1	1	1/4		1/4	1		8	68	G#4	4	17
3	2	7/2	7/2	1.0	0	0	6/8	1	1	1/4		1/4	1		8	80	G#5	5	17
3	2	15/4	15/4	0.25	1/16	1/16	6/8	2	1	1/16		1/16	1		8	44	G#2	2	22
3	2	4	4	0.25	1/8	1/8	6/8	2	1	1/16		1/16	1		7	49	C#3	3	23
3	2	17/4	17/4	0.25	3/16	3/16	6/8	2	1	1/16		1/16	1		4	52	E3	3	24
3	2	9/2	9/2	0.25	1/4	1/4	6/8	2	1	1/16		1/16	1		7	49	C#3	3	25
3	2	9/2	9/2	0.5	1/4	1/4	6/8	1	1	1/8		1/8	1		3	69	A4	4	18
3	2	9/2	9/2	0.5	1/4	1/4	6/8	1	1	1/8		1/8	1		3	81	A5	5	18
3	2	19/4	19/4	0.25	5/16	5/16	6/8	2	1	1/16		1/16	1		8	44	G#2	2	26
3	2	5	5	0.25	3/8	3/8	6/8	2	1	1/16		1/16	1		5	35	B1	1	27
3	2	5	5	0.25	3/8	3/8	6/8	2	1	1/16		1/16	1		5	47	B2	2	27
3	2	5	5	1.0	3/8	3/8	6/8	1	1	1/4		1/4	1		5	71	B4	4	19
3	2	5	5	1.0	3/8	3/8	6/8	1	1	1/4		1/4	1		5	83	B5	5	19
3	2	21/4	21/4	0.25	7/16	7/16	6/8	2	1	1/16		1/16	1		9	51	D#3	3	28
3	2	11/2	11/2	0.25	1/2	1/2	6/8	2	1	1/16		1/16	1		6	54	F#3	3	29
3	2	23/4	23/4	0.25	9/16	9/16	6/8	2	1	1/16		1/16	1		3	57	A3	3	30
3	2	6	6	0.25	5/8	5/8	6/8	2	1	1/16		1/16	1		6	54	F#3	3	31
3	2	6	6	0.5	5/8	5/8	6/8	1	1	1/8		1/8	1		3	69	A4	4	20
3	2	6	6	0.5	5/8	5/8	6/8	1	1	1/8		1/8	1		3	81	A5	5	20
3	2	25/4	25/4	0.25	11/16	11/16	6/8	2	1	1/16		1/16	1		9	51	D#3	3	32
4	3	13/2	13/2	0.25	0	0	6/8	2	1	1/16		1/16	1		4	40	E2	2	37
4	3	13/2	13/2	1.0	0	0	6/8	1	1	1/4		1/4	1		8	68	G#4	4	33
4	3	13/2	13/2	1.0	0	0	6/8	1	1	1/4		1/4	1		8	80	G#5	5	33
4	3	27/4	27/4	0.25	1/16	1/16	6/8	2	1	1/16		1/16	1		5	47	B2	2	38
4	3	7	7	0.25	1/8	1/8	6/8	2	1	1/16		1/16	1		4	52	E3	3	39
4	3	29/4	29/4	0.25	3/16	3/16	6/8	2	1	1/16		1/16	1		8	56	G#3	3	40
4	3	15/2	15/2	0.25	1/4	1/4	6/8	2	1	1/16		1/16	1		4	52	E3	3	41
4	3	15/2	15/2	0.5	1/4	1/4	6/8	1	1	1/8		1/8	1		6	66	F#4	4	34
4	3	15/2	15/2	0.5	1/4	1/4	6/8	1	1	1/8		1/8	1		6	78	F#5	5	34
4	3	31/4	31/4	0.25	5/16	5/16	6/8	2	1	1/16		1/16	1		5	47	B2	2	42
4	3	8	8	0.25	3/8	3/8	6/8	2	1	1/16		1/16	1		6	42	F#2	2	43
4	3	8	8	1.0	3/8	3/8	6/8	1	1	1/4		1/4	1		4	64	E4	4	35
4	3	8	8	1.0	3/8	3/8	6/8	1	1	1/4		1/4	1		4	76	E5	5	35
4	3	33/4	33/4	0.25	7/16	7/16	6/8	2	1	1/16		1/16	1		9	51	D#3	3	44
4	3	17/2	17/2	0.25	1/2	1/2	6/8	2	1	1/16		1/16	1		6	54	F#3	3	45
4	3	35/4	35/4	0.25	9/16	9/16	6/8	2	1	1/16		1/16	1		3	57	A3	3	46
4	3	9	9	0.25	5/8	5/8	6/8	2	1	1/16		1/16	1		6	54	F#3	3	47
4	3	9	9	0.5	5/8	5/8	6/8	1	1	1/8		1/8	1		9	63	D#4	4	36
4	3	9	9	0.5	5/8	5/8	6/8	1	1	1/8		1/8	1		9	75	D#5	5	36
4	3	37/4	37/4	0.25	11/16	11/16	6/8	2	1	1/16		1/16	1		9	51	D#3	3	48
5	4	19/2	19/2	0.25	0	0	6/8	2	1	1/16		1/16	1		8	32	G#1	1	53
5	4	19/2	19/2	0.25	0	0	6/8	2	1	1/16		1/16	1		8	44	G#2	2	53
5	4	19/2	19/2	1.0	0	0	6/8	1	1	1/4		1/4	1		7	61	C#4	4	49
5	4	19/2	19/2	1.0	0	0	6/8	1	1	1/4		1/4	1		7	73	C#5	5	49
5	4	39/4	39/4	0.25	1/16	1/16	6/8	2	1	1/16		1/16	1		7	49	C#3	3	54
5	4	10	10	0.25	1/8	1/8	6/8	2	1	1/16		1/16	1		4	52	E3	3	55
5	4	41/4	41/4	0.25	3/16	3/16	6/8	2	1	1/16		1/16	1		8	56	G#3	3	56
5	4	21/2	21/2	0.25	1/4	1/4	6/8	2	1	1/16		1/16	1		4	52	E3	3	57
5	4	21/2	21/2	0.5	1/4	1/4	6/8	1	1	1/8		1/8	1		9	63	D#4	4	50
5	4	21/2	21/2	0.5	1/4	1/4	6/8	1	1	1/8		1/8	1		9	75	D#5	5	50
5	4	43/4	43/4	0.25	5/16	5/16	6/8	2	1	1/16		1/16	1		7	49	C#3	3	58
5	4	11	11	0.25	3/8	3/8	6/8	2	1	1/16		1/16	1		8	44	G#2	2	59
5	4	11	11	1.0	3/8	3/8	6/8	1	1	1/4		1/4	1		4	64	E4	4	51
5	4	11	11	1.0	3/8	3/8	6/8	1	1	1/4		1/4	1		4	76	E5	5	51
5	4	45/4	45/4	0.25	7/16	7/16	6/8	2	1	1/16		1/16	1		9	51	D#3	3	60
5	4	23/2	23/2	0.25	1/2	1/2	6/8	2	1	1/16		1/16	1		6	54	F#3	3	61
5	4	47/4	47/4	0.25	9/16	9/16	6/8	2	1	1/16		1/16	1		8	56	G#3	3	62
5	4	12	12	0.25	5/8	5/8	6/8	2	1	1/16		1/16	1		6	54	F#3	3	63
5	4	12	12	0.5	5/8	5/8	6/8	1	1	1/8		1/8	1		12	60	B#3	3	52
5	4	12	12	0.5	5/8	5/8	6/8	1	1	1/8		1/8	1		12	72	B#4	4	52
5	4	49/4	49/4	0.25	11/16	11/16	6/8	2	1	1/16		1/16	1		9	51	D#3	3	64
6	5	25/2	25/2	0.5	0	0	6/8	2	1	1/8		1/8	1		7	37	C#2	2	67
6	5	25/2	25/2	0.5	0	0	6/8	2	1	1/8		1/8	1		7	49	C#3	3	67
6	5	25/2	25/2	0.5	0	0	6/8	1	1	1/8		1/8	1		7	61	C#4	4	65
6	5	25/2	25/2	0.5	0	0	6/8	1	1	1/8		1/8	1		7	73	C#5	5	65
6	5	14	14	0.5	3/8	3/8	6/8	2	1	1/8		1/8	1		7	61	C#4	4	68
6	5	14	14	0.5	3/8	3/8	6/8	2	1	1/8		1/8	1		4	64	E4	4	68
6	5	14	14	0.5	3/8	3/8	6/8	2	1	1/8		1/8	1		8	68	G#4	4	68
6	5	14	14	0.5	3/8	3/8	6/8	1	1	1/8		1/8	1		7	73	C#5	5	66
6	5	14	14	0.5	3/8	3/8	6/8	1	1	1/8		1/8	1		4	76	E5	5	66
6	5	14	14	0.5	3/8	3/8	6/8	1	1	1/8		1/8	1		8	80	G#5	5	66
6	5	14	14	0.5	3/8	3/8	6/8	1	1	1/8		1/8	1		7	85	C#6	6	66
7	6	31/2	31/2	1.5	0	0	6/8	2	1	3/8		1/4	3/2	1	-1	65	F4	4	72
7	6	31/2	31/2	1.5	0	0	6/8	2	1	3/8		1/4	3/2	1	-4	68	Ab4	4	72
7	6	31/2	31/2	1.5	0	0	6/8	1	1	3/8		1/4	3/2	1	-1	77	F5	5	69
7	6	31/2	31/2	1.5	0	0	6/8	1	1	3/8		1/4	3/2	1	-4	80	Ab5	5	69
7	6	17	17	1.0	3/8	3/8	6/8	2	1	1/4		1/4	1	-1	-1	65	F4	4	73
7	6	17	17	1.0	3/8	3/8	6/8	2	1	1/4		1/4	1	-1	-4	68	Ab4	4	73
7	6	17	17	1.0	3/8	3/8	6/8	1	1	1/4		1/4	1	-1	-1	77	F5	5	70
7	6	17	17	1.0	3/8	3/8	6/8	1	1	1/4		1/4	1	-1	-4	80	Ab5	5	70
7	6	18	18	0.5	5/8	5/8	6/8	2	1	1/8		1/8	1		-3	63	Eb4	4	74
7	6	18	18	0.5	5/8	5/8	6/8	2	1	1/8		1/8	1		-6	66	Gb4	4	74
7	6	18	18	0.5	5/8	5/8	6/8	1	1	1/8		1/8	1		-3	75	Eb5	5	71
7	6	18	18	0.5	5/8	5/8	6/8	1	1	1/8		1/8	1		-6	78	Gb5	5	71
8	7	37/2	37/2	1.0	0	0	6/8	2	1	1/4		1/4	1		-5	61	Db4	4	78
8	7	37/2	37/2	1.0	0	0	6/8	2	1	1/4		1/4	1		-1	65	F4	4	78
8	7	37/2	37/2	1.0	0	0	6/8	1	1	1/4		1/4	1		-5	73	Db5	5	75
8	7	37/2	37/2	1.0	0	0	6/8	1	1	1/4		1/4	1		-1	77	F5	5	75
8	7	39/2	39/2	0.5	1/4	1/4	6/8	2	1	1/8		1/8	1		-4	56	Ab3	3	79
8	7	39/2	39/2	0.5	1/4	1/4	6/8	2	1	1/8		1/8	1		-3	63	Eb4	4	79
8	7	39/2	39/2	0.5	1/4	1/4	6/8	1	1	1/8		1/8	1		-4	68	Ab4	4	76
8	7	39/2	39/2	0.5	1/4	1/4	6/8	1	1	1/8		1/8	1		-3	75	Eb5	5	76
8	7	20	20	1.5	3/8	3/8	6/8	2	1	3/8		1/4	3/2		-4	56	Ab3	3	80
8	7	20	20	1.5	3/8	3/8	6/8	2	1	3/8		1/4	3/2		-3	63	Eb4	4	80
8	7	20	20	1.5	3/8	3/8	6/8	1	1	3/8		1/4	3/2		-4	68	Ab4	4	77
8	7	20	20	1.5	3/8	3/8	6/8	1	1	3/8		1/4	3/2		-3	75	Eb5	5	77
9	8	43/2	43/2	1.5	0	0	6/8	2	1	3/8		1/4	3/2	1	-1	53	F3	3	84
9	8	43/2	43/2	1.5	0	0	6/8	2	1	3/8		1/4	3/2	1	-5	61	Db4	4	84
9	8	43/2	43/2	1.5	0	0	6/8	1	1	3/8		1/4	3/2	1	-1	65	F4	4	81
9	8	43/2	43/2	1.5	0	0	6/8	1	1	3/8		1/4	3/2	1	-5	73	Db5	5	81
9	8	23	23	1.0	3/8	3/8	6/8	2	1	1/4		1/4	1	-1	-1	53	F3	3	85
9	8	23	23	1.0	3/8	3/8	6/8	2	1	1/4		1/4	1	-1	-5	61	Db4	4	85
9	8	23	23	1.0	3/8	3/8	6/8	1	1	1/4		1/4	1	-1	-1	65	F4	4	82
9	8	23	23	1.0	3/8	3/8	6/8	1	1	1/4		1/4	1	-1	-5	73	Db5	5	82
9	8	24	24	0.5	5/8	5/8	6/8	2	1	1/8		1/8	1		-1	53	F3	3	86
9	8	24	24	0.5	5/8	5/8	6/8	2	1	1/8		1/8	1		-5	61	Db4	4	86
9	8	24	24	0.5	5/8	5/8	6/8	1	1	1/8		1/8	1		-1	65	F4	4	83
9	8	24	24	0.5	5/8	5/8	6/8	1	1	1/8		1/8	1		-5	73	Db5	5	83
10	9	49/2	49/2	1.0	0	0	6/8	2	1	1/4		1/4	1		-4	56	Ab3	3	91
10	9	49/2	49/2	1.0	0	0	6/8	2	1	1/4		1/4	1		-3	63	Eb4	4	91
10	9	49/2	49/2	1.0	0	0	6/8	1	1	1/4		1/4	1		-4	68	Ab4	4	87
10	9	49/2	49/2	1.0	0	0	6/8	1	1	1/4		1/4	1		-3	75	Eb5	5	87
10	9	51/2	51/2	0.5	1/4	1/4	6/8	2	1	1/8		1/8	1		-5	61	Db4	4	92
10	9	51/2	51/2	0.5	1/4	1/4	6/8	2	1	1/8		1/8	1		-1	65	F4	4	92
10	9	51/2	51/2	0.5	1/4	1/4	6/8	1	1	1/8		1/8	1		-5	73	Db5	5	88
10	9	51/2	51/2	0.5	1/4	1/4	6/8	1	1	1/8		1/8	1		-1	77	F5	5	88
10	9	26	26	1.0	3/8	3/8	6/8	2	1	1/4		1/4	1		-4	56	Ab3	3	93
10	9	26	26	1.0	3/8	3/8	6/8	2	1	1/4		1/4	1		-3	63	Eb4	4	93
10	9	26	26	1.0	3/8	3/8	6/8	1	1	1/4		1/4	1		-4	68	Ab4	4	89
10	9	26	26	1.0	3/8	3/8	6/8	1	1	1/4		1/4	1		-3	75	Eb5	5	89
10	9	27	27	0.5	5/8	5/8	6/8	2	1	1/8		1/8	1		-1	53	F3	3	94
10	9	27	27	0.5	5/8	5/8	6/8	2	1	1/8		1/8	1		-5	61	Db4	4	94
10	9	27	27	0.5	5/8	5/8	6/8	1	1	1/8		1/8	1		-1	65	F4	4	90
10	9	27	27	0.5	5/8	5/8	6/8	1	1	1/8		1/8	1		-5	73	Db5	5	90
11	10	55/2	55/2	0.0	0	0	6/8	1	1	0	grace16	1/16	1		-3	75	Eb5	5	95
11	10	55/2	55/2	0.0	0	0	6/8	1	1	0	grace16	1/16	1	0	-4	68	Ab4	4	96
11	10	55/2	55/2	0.0	0	0	6/8	2	1	0	grace16	1/16	1		-3	63	Eb4	4	100
11	10	55/2	55/2	0.0	0	0	6/8	2	1	0	grace16	1/16	1	0	-4	56	Ab3	3	101
11	10	55/2	55/2	1.5	0	0	6/8	2	1	3/8		1/4	3/2	1	-4	56	Ab3	3	102
11	10	55/2	55/2	1.5	0	0	6/8	2	1	3/8		1/4	3/2	1	-3	63	Eb4	4	102
11	10	55/2	55/2	1.5	0	0	6/8	1	1	3/8		1/4	3/2	1	-4	68	Ab4	4	97
11	10	55/2	55/2	1.5	0	0	6/8	1	1	3/8		1/4	3/2	1	-3	75	Eb5	5	97
11	10	29	29	1.0	3/8	3/8	6/8	2	1	1/4		1/4	1	-1	-4	56	Ab3	3	103
11	10	29	29	1.0	3/8	3/8	6/8	2	1	1/4		1/4	1	-1	-3	63	Eb4	4	103
11	10	29	29	1.0	3/8	3/8	6/8	1	1	1/4		1/4	1	-1	-4	68	Ab4	4	98
11	10	29	29	1.0	3/8	3/8	6/8	1	1	1/4		1/4	1	-1	-3	75	Eb5	5	98
11	10	30	30	0.5	5/8	5/8	6/8	1	1	1/8		1/8	1		-4	80	Ab5	5	99
12	11	61/2	61/2	0.0	0	0	6/8	1	1	0	grace16	1/16	1		-1	89	F6	6	104
12	11	61/2	61/2	0.0	0	0	6/8	1	1	0	grace16	1/16	1		-4	92	Ab6	6	104
12	11	61/2	61/2	0.0	0	0	6/8	1	1	0	grace16	1/16	1	0	-4	80	Ab5	5	105
12	11	61/2	61/2	0.5	0	0	6/8	2	1	1/8		1/8	1		-5	37	Db2	2	109
12	11	61/2	61/2	0.5	0	0	6/8	2	1	1/8		1/8	1		-5	49	Db3	3	109
12	11	61/2	61/2	1.5	0	0	6/8	1	1	3/8		1/4	3/2	1	-4	80	Ab5	5	106
12	11	61/2	61/2	1.5	0	0	6/8	1	1	3/8		1/4	3/2	1	-1	89	F6	6	106
12	11	61/2	61/2	1.5	0	0	6/8	1	1	3/8		1/4	3/2	1	-4	92	Ab6	6	106
12	11	31	31	0.5	1/8	1/8	6/8	2	1	1/8		1/8	1		-4	56	Ab3	3	110
12	11	31	31	0.5	1/8	1/8	6/8	2	1	1/8		1/8	1		-5	61	Db4	4	110
12	11	31	31	0.5	1/8	1/8	6/8	2	1	1/8		1/8	1		-1	65	F4	4	110
12	11	63/2	63/2	0.5	1/4	1/4	6/8	2	1	1/8		1/8	1		-4	56	Ab3	3	111
12	11	63/2	63/2	0.5	1/4	1/4	6/8	2	1	1/8		1/8	1		-5	61	Db4	4	111
12	11	63/2	63/2	0.5	1/4	1/4	6/8	2	1	1/8		1/8	1		-1	65	F4	4	111
12	11	32	32	1.0	3/8	3/8	6/8	1	1	1/4		1/4	1	-1	-4	80	Ab5	5	107
12	11	32	32	1.0	3/8	3/8	6/8	1	1	1/4		1/4	1	-1	-1	89	F6	6	107
12	11	32	32	1.0	3/8	3/8	6/8	1	1	1/4		1/4	1	-1	-4	92	Ab6	6	107
12	11	33	33	0.5	5/8	5/8	6/8	2	1	1/8		1/8	1		-4	56	Ab3	3	112
12	11	33	33	0.5	5/8	5/8	6/8	2	1	1/8		1/8	1		0	60	C4	4	112
12	11	33	33	0.5	5/8	5/8	6/8	2	1	1/8		1/8	1		-3	63	Eb4	4	112
12	11	33	33	0.5	5/8	5/8	6/8	2	1	1/8		1/8	1		-6	66	Gb4	4	112
12	11	33	33	0.5	5/8	5/8	6/8	1	1	1/8		1/8	1		-6	78	Gb5	5	108
12	11	33	33	0.5	5/8	5/8	6/8	1	1	1/8		1/8	1		-3	87	Eb6	6	108
12	11	33	33	0.5	5/8	5/8	6/8	1	1	1/8		1/8	1		-6	90	Gb6	6	108
13	12	67/2	67/2	0.0	0	0	6/8	1	1	0	grace16	1/16	1		-5	85	Db6	6	113
13	12	67/2	67/2	0.0	0	0	6/8	1	1	0	grace16	1/16	1		-1	89	F6	6	113
13	12	67/2	67/2	0.0	0	0	6/8	1	1	0	grace16	1/16	1	0	-1	77	F5	5	114
13	12	67/2	67/2	0.5	0	0	6/8	2	1	1/8		1/8	1		-5	49	Db3	3	118
13	12	67/2	67/2	1.0	0	0	6/8	1	1	1/4		1/4	1		-1	77	F5	5	115
13	12	67/2	67/2	1.0	0	0	6/8	1	1	1/4		1/4	1		-5	85	Db6	6	115
13	12	67/2	67/2	1.0	0	0	6/8	1	1	1/4		1/4	1		-1	89	F6	6	115
13	12	34	34	0.5	1/8	1/8	6/8	2	1	1/8		1/8	1		-4	56	Ab3	3	119
13	12	34	34	0.5	1/8	1/8	6/8	2	1	1/8		1/8	1		-5	61	Db4	4	119
13	12	34	34	0.5	1/8	1/8	6/8	2	1	1/8		1/8	1		-1	65	F4	4	119
13	12	69/2	69/2	0.5	1/4	1/4	6/8	1	1	1/8		1/8	1		-3	75	Eb5	5	116
13	12	69/2	69/2	0.5	1/4	1/4	6/8	1	1	1/8		1/8	1		-4	80	Ab5	5	116
13	12	69/2	69/2	0.5	1/4	1/4	6/8	1	1	1/8		1/8	1		-3	87	Eb6	6	116
13	12	35	35	0.5	3/8	3/8	6/8	2	1	1/8		1/8	1		-5	49	Db3	3	120
13	12	35	35	1.5	3/8	3/8	6/8	1	1	3/8		1/4	3/2		-3	75	Eb5	5	117
13	12	35	35	1.5	3/8	3/8	6/8	1	1	3/8		1/4	3/2		-4	80	Ab5	5	117
13	12	35	35	1.5	3/8	3/8	6/8	1	1	3/8		1/4	3/2		-3	87	Eb6	6	117
13	12	71/2	71/2	0.5	1/2	1/2	6/8	2	1	1/8		1/8	1		-4	56	Ab3	3	121
13	12	71/2	71/2	0.5	1/2	1/2	6/8	2	1	1/8		1/8	1		0	60	C4	4	121
13	12	71/2	71/2	0.5	1/2	1/2	6/8	2	1	1/8		1/8	1		-3	63	Eb4	4	121
13	12	71/2	71/2	0.5	1/2	1/2	6/8	2	1	1/8		1/8	1		-6	66	Gb4	4	121
14	13	73/2	73/2	0.0	0	0	6/8	1	1	0	grace16	1/16	1		-4	80	Ab5	5	122
14	13	73/2	73/2	0.0	0	0	6/8	1	1	0	grace16	1/16	1		-5	85	Db6	6	122
14	13	73/2	73/2	0.0	0	0	6/8	1	1	0	grace16	1/16	1	0	-5	73	Db5	5	123
14	13	73/2	73/2	0.5	0	0	6/8	2	1	1/8		1/8	1		-5	37	Db2	2	127
14	13	73/2	73/2	0.5	0	0	6/8	2	1	1/8		1/8	1		-5	49	Db3	3	127
14	13	73/2	73/2	1.5	0	0	6/8	1	1	3/8		1/4	3/2	1	-5	73	Db5	5	124
14	13	73/2	73/2	1.5	0	0	6/8	1	1	3/8		1/4	3/2	1	-4	80	Ab5	5	124
14	13	73/2	73/2	1.5	0	0	6/8	1	1	3/8		1/4	3/2	1	-5	85	Db6	6	124
14	13	37	37	0.5	1/8	1/8	6/8	2	1	1/8		1/8	1		-4	56	Ab3	3	128
14	13	37	37	0.5	1/8	1/8	6/8	2	1	1/8		1/8	1		-5	61	Db4	4	128
14	13	37	37	0.5	1/8	1/8	6/8	2	1	1/8		1/8	1		-1	65	F4	4	128
14	13	75/2	75/2	0.5	1/4	1/4	6/8	2	1	1/8		1/8	1		-4	56	Ab3	3	129
14	13	75/2	75/2	0.5	1/4	1/4	6/8	2	1	1/8		1/8	1		-5	61	Db4	4	129
14	13	75/2	75/2	0.5	1/4	1/4	6/8	2	1	1/8		1/8	1		-1	65	F4	4	129
14	13	38	38	1.0	3/8	3/8	6/8	1	1	1/4		1/4	1	-1	-5	73	Db5	5	125
14	13	38	38	1.0	3/8	3/8	6/8	1	1	1/4		1/4	1	-1	-4	80	Ab5	5	125
14	13	38	38	1.0	3/8	3/8	6/8	1	1	1/4		1/4	1	-1	-5	85	Db6	6	125
14	13	39	39	0.5	5/8	5/8	6/8	2	1	1/8		1/8	1		-4	56	Ab3	3	130
14	13	39	39	0.5	5/8	5/8	6/8	2	1	1/8		1/8	1		-5	61	Db4	4	130
14	13	39	39	0.5	5/8	5/8	6/8	2	1	1/8		1/8	1		-1	65	F4	4	130
14	13	39	39	0.5	5/8	5/8	6/8	1	1	1/8		1/8	1		-5	73	Db5	5	126
14	13	39	39	0.5	5/8	5/8	6/8	1	1	1/8		1/8	1		-4	80	Ab5	5	126
14	13	39	39	0.5	5/8	5/8	6/8	1	1	1/8		1/8	1		-5	85	Db6	6	126
15	14	79/2	79/2	0.0	0	0	6/8	1	1	0	grace16	1/16	1		-4	80	Ab5	5	131
15	14	79/2	79/2	0.0	0	0	6/8	1	1	0	grace16	1/16	1		-3	87	Eb6	6	131
15	14	79/2	79/2	0.0	0	0	6/8	1	1	0	grace16	1/16	1	0	-3	75	Eb5	5	132
15	14	79/2	79/2	0.5	0	0	6/8	2	1	1/8		1/8	1		-5	49	Db3	3	139
15	14	79/2	79/2	1.0	0	0	6/8	1	1	1/4		1/4	1		-3	75	Eb5	5	133
15	14	79/2	79/2	1.0	0	0	6/8	1	1	1/4		1/4	1		-4	80	Ab5	5	133
15	14	79/2	79/2	1.0	0	0	6/8	1	1	1/4		1/4	1		-3	87	Eb6	6	133
15	14	40	40	0.5	1/8	1/8	6/8	2	1	1/8		1/8	1		-4	56	Ab3	3	140
15	14	40	40	0.5	1/8	1/8	6/8	2	1	1/8		1/8	1		0	60	C4	4	140
15	14	40	40	0.5	1/8	1/8	6/8	2	1	1/8		1/8	1		-3	63	Eb4	4	140
15	14	40	40	0.5	1/8	1/8	6/8	2	1	1/8		1/8	1		-6	66	Gb4	4	140
15	14	81/2	81/2	0.5	1/4	1/4	6/8	2	1	1/8		1/8	1		-4	56	Ab3	3	141
15	14	81/2	81/2	0.5	1/4	1/4	6/8	2	1	1/8		1/8	1		0	60	C4	4	141
15	14	81/2	81/2	0.5	1/4	1/4	6/8	2	1	1/8		1/8	1		-1	65	F4	4	141
15	14	81/2	81/2	0.5	1/4	1/4	6/8	2	1	1/8		1/8	1		-4	68	Ab4	4	141
15	14	81/2	81/2	0.5	1/4	1/4	6/8	1	1	1/8		1/8	1		-1	77	F5	5	134
15	14	81/2	81/2	0.5	1/4	1/4	6/8	1	1	1/8		1/8	1		-4	80	Ab5	5	134
15	14	81/2	81/2	0.5	1/4	1/4	6/8	1	1	1/8		1/8	1		-1	89	F6	6	134
15	14	41	41	0.0	3/8	3/8	6/8	1	1	0	grace16	1/16	1		-4	80	Ab5	5	135
15	14	41	41	0.0	3/8	3/8	6/8	1	1	0	grace16	1/16	1		-3	87	Eb6	6	135
15	14	41	41	0.0	3/8	3/8	6/8	1	1	0	grace16	1/16	1	0	-3	75	Eb5	5	136
15	14	41	41	1.0	3/8	3/8	6/8	1	1	1/4		1/4	1		-3	75	Eb5	5	137
15	14	41	41	1.0	3/8	3/8	6/8	1	1	1/4		1/4	1		-4	80	Ab5	5	137
15	14	41	41	1.0	3/8	3/8	6/8	1	1	1/4		1/4	1		-3	87	Eb6	6	137
15	14	83/2	83/2	0.5	1/2	1/2	6/8	2	1	1/8		1/8	1		-4	56	Ab3	3	142
15	14	83/2	83/2	0.5	1/2	1/2	6/8	2	1	1/8		1/8	1		0	60	C4	4	142
15	14	83/2	83/2	0.5	1/2	1/2	6/8	2	1	1/8		1/8	1		-3	63	Eb4	4	142
15	14	83/2	83/2	0.5	1/2	1/2	6/8	2	1	1/8		1/8	1		-6	66	Gb4	4	142
15	14	42	42	0.5	5/8	5/8	6/8	2	1	1/8		1/8	1		-4	56	Ab3	3	143
15	14	42	42	0.5	5/8	5/8	6/8	2	1	1/8		1/8	1		-5	61	Db4	4	143
15	14	42	42	0.5	5/8	5/8	6/8	2	1	1/8		1/8	1		-1	65	F4	4	143
15	14	42	42	0.5	5/8	5/8	6/8	1	1	1/8		1/8	1		-5	73	Db5	5	138
15	14	42	42	0.5	5/8	5/8	6/8	1	1	1/8		1/8	1		-4	80	Ab5	5	138
15	14	42	42	0.5	5/8	5/8	6/8	1	1	1/8		1/8	1		-5	85	Db6	6	138
16	15	85/2	85/2	0.0	0	0	6/8	1	1	0	grace16	1/16	1		-4	80	Ab5	5	144
16	15	85/2	85/2	0.0	0	0	6/8	1	1	0	grace16	1/16	1		-3	87	Eb6	6	144
16	15	85/2	85/2	0.0	0	0	6/8	1	1	0	grace16	1/16	1	0	-3	75	Eb5	5	145
16	15	85/2	85/2	0.5	0	0	6/8	2	1	1/8		1/8	1		-5	49	Db3	3	147
16	15	85/2	85/2	3.0	0	0	6/8	1	1	3/4		1/2	3/2	1	-3	75	Eb5	5	146
16	15	85/2	85/2	3.0	0	0	6/8	1	1	3/4		1/2	3/2	1	-4	80	Ab5	5	146
16	15	85/2	85/2	3.0	0	0	6/8	1	1	3/4		1/2	3/2	1	-3	87	Eb6	6	146
16	15	43	43	0.5	1/8	1/8	6/8	2	1	1/8		1/8	1		-4	56	Ab3	3	148
16	15	43	43	0.5	1/8	1/8	6/8	2	1	1/8		1/8	1		0	60	C4	4	148
16	15	43	43	0.5	1/8	1/8	6/8	2	1	1/8		1/8	1		-3	63	Eb4	4	148
16	15	43	43	0.5	1/8	1/8	6/8	2	1	1/8		1/8	1		-6	66	Gb4	4	148
16	15	45	45	0.5	5/8	5/8	6/8	2	1	1/8		1/8	1		-4	56	Ab3	3	149
16	15	45	45	0.5	5/8	5/8	6/8	2	1	1/8		1/8	1		0	60	C4	4	149
16	15	45	45	0.5	5/8	5/8	6/8	2	1	1/8		1/8	1		-3	63	Eb4	4	149
16	15	45	45	0.5	5/8	5/8	6/8	2	1	1/8		1/8	1		-4	68	Ab4	4	149
17	16	91/2	91/2	0.5	0	0	6/8	2	1	1/8		1/8	1		-4	56	Ab3	3	152
17	16	91/2	91/2	0.5	0	0	6/8	2	1	1/8		1/8	1		0	60	C4	4	152
17	16	91/2	91/2	0.5	0	0	6/8	2	1	1/8		1/8	1		-3	63	Eb4	4	152
17	16	91/2	91/2	0.5	0	0	6/8	2	1	1/8		1/8	1		-6	66	Gb4	4	152
17	16	91/2	91/2	1.5	0	0	6/8	1	1	3/8		1/4	3/2	-1	-3	75	Eb5	5	150
17	16	91/2	91/2	1.5	0	0	6/8	1	1	3/8		1/4	3/2	-1	-4	80	Ab5	5	150
17	16	91/2	91/2	1.5	0	0	6/8	1	1	3/8		1/4	3/2	-1	-3	87	Eb6	6	150
17	16	93/2	93/2	0.5	1/4	1/4	6/8	2	1	1/8		1/8	1		-4	56	Ab3	3	153
17	16	93/2	93/2	0.5	1/4	1/4	6/8	2	1	1/8		1/8	1		0	60	C4	4	153
17	16	93/2	93/2	0.5	1/4	1/4	6/8	2	1	1/8		1/8	1		-1	65	F4	4	153
17	16	47	47	0.5	3/8	3/8	6/8	2	1	1/8		1/8	1		-4	56	Ab3	3	154
17	16	47	47	0.5	3/8	3/8	6/8	2	1	1/8		1/8	1		0	60	C4	4	154
17	16	47	47	0.5	3/8	3/8	6/8	2	1	1/8		1/8	1		-1	65	F4	4	154
17	16	48	48	0.5	5/8	5/8	6/8	2	1	1/8		1/8	1		-4	56	Ab3	3	155
17	16	48	48	0.5	5/8	5/8	6/8	2	1	1/8		1/8	1		0	60	C4	4	155
17	16	48	48	0.5	5/8	5/8	6/8	2	1	1/8		1/8	1		-3	63	Eb4	4	155
17	16	48	48	0.5	5/8	5/8	6/8	1	1	1/8		1/8	1		-4	80	Ab5	5	151
18	17	97/2	97/2	0.0	0	0	6/8	1	1	0	grace16	1/16	1		-1	89	F6	6	156
18	17	97/2	97/2	0.0	0	0	6/8	1	1	0	grace16	1/16	1		-4	92	Ab6	6	156
18	17	97/2	97/2	0.0	0	0	6/8	1	1	0	grace16	1/16	1	0	-4	80	Ab5	5	157
18	17	97/2	97/2	0.5	0	0	6/8	2	1	1/8		1/8	1		-5	37	Db2	2	161
18	17	97/2	97/2	0.5	0	0	6/8	2	1	1/8		1/8	1		-5	49	Db3	3	161
18	17	97/2	97/2	1.5	0	0	6/8	1	1	3/8		1/4	3/2	1	-4	80	Ab5	5	158
18	17	97/2	97/2	1.5	0	0	6/8	1	1	3/8		1/4	3/2	1	-1	89	F6	6	158
18	17	97/2	97/2	1.5	0	0	6/8	1	1	3/8		1/4	3/2	1	-4	92	Ab6	6	158
18	17	49	49	0.5	1/8	1/8	6/8	2	1	1/8		1/8	1		-4	56	Ab3	3	162
18	17	49	49	0.5	1/8	1/8	6/8	2	1	1/8		1/8	1		-5	61	Db4	4	162
18	17	49	49	0.5	1/8	1/8	6/8	2	1	1/8		1/8	1		-1	65	F4	4	162
18	17	99/2	99/2	0.5	1/4	1/4	6/8	2	1	1/8		1/8	1		-4	56	Ab3	3	163
18	17	99/2	99/2	0.5	1/4	1/4	6/8	2	1	1/8		1/8	1		-5	61	Db4	4	163
18	17	99/2	99/2	0.5	1/4	1/4	6/8	2	1	1/8		1/8	1		-1	65	F4	4	163
18	17	50	50	1.0	3/8	3/8	6/8	1	1	1/4		1/4	1	-1	-4	80	Ab5	5	159
18	17	50	50	1.0	3/8	3/8	6/8	1	1	1/4		1/4	1	-1	-1	89	F6	6	159
18	17	50	50	1.0	3/8	3/8	6/8	1	1	1/4		1/4	1	-1	-4	92	Ab6	6	159
18	17	51	51	0.5	5/8	5/8	6/8	2	1	1/8		1/8	1		-4	56	Ab3	3	164
18	17	51	51	0.5	5/8	5/8	6/8	2	1	1/8		1/8	1		0	60	C4	4	164
18	17	51	51	0.5	5/8	5/8	6/8	2	1	1/8		1/8	1		-3	63	Eb4	4	164
18	17	51	51	0.5	5/8	5/8	6/8	2	1	1/8		1/8	1		-6	66	Gb4	4	164
18	17	51	51	0.5	5/8	5/8	6/8	1	1	1/8		1/8	1		-6	78	Gb5	5	160
18	17	51	51	0.5	5/8	5/8	6/8	1	1	1/8		1/8	1		-3	87	Eb6	6	160
18	17	51	51	0.5	5/8	5/8	6/8	1	1	1/8		1/8	1		-6	90	Gb6	6	160
19	18	103/2	103/2	0.0	0	0	6/8	1	1	0	grace16	1/16	1		-5	85	Db6	6	165
19	18	103/2	103/2	0.0	0	0	6/8	1	1	0	grace16	1/16	1		-1	89	F6	6	165
19	18	103/2	103/2	0.0	0	0	6/8	1	1	0	grace16	1/16	1	0	-1	77	F5	5	166
19	18	103/2	103/2	0.5	0	0	6/8	2	1	1/8		1/8	1		-5	49	Db3	3	170
19	18	103/2	103/2	1.0	0	0	6/8	1	1	1/4		1/4	1		-1	77	F5	5	167
19	18	103/2	103/2	1.0	0	0	6/8	1	1	1/4		1/4	1		-5	85	Db6	6	167
19	18	103/2	103/2	1.0	0	0	6/8	1	1	1/4		1/4	1		-1	89	F6	6	167
19	18	52	52	0.5	1/8	1/8	6/8	2	1	1/8		1/8	1		-4	56	Ab3	3	171
19	18	52	52	0.5	1/8	1/8	6/8	2	1	1/8		1/8	1		-5	61	Db4	4	171
19	18	52	52	0.5	1/8	1/8	6/8	2	1	1/8		1/8	1		-1	65	F4	4	171
19	18	105/2	105/2	0.5	1/4	1/4	6/8	1	1	1/8		1/8	1		-3	75	Eb5	5	168
19	18	105/2	105/2	0.5	1/4	1/4	6/8	1	1	1/8		1/8	1		-4	80	Ab5	5	168
19	18	105/2	105/2	0.5	1/4	1/4	6/8	1	1	1/8		1/8	1		-3	87	Eb6	6	168
19	18	53	53	0.5	3/8	3/8	6/8	2	1	1/8		1/8	1		-5	49	Db3	3	172
19	18	53	53	1.5	3/8	3/8	6/8	1	1	3/8		1/4	3/2		-3	75	Eb5	5	169
19	18	53	53	1.5	3/8	3/8	6/8	1	1	3/8		1/4	3/2		-4	80	Ab5	5	169
19	18	53	53	1.5	3/8	3/8	6/8	1	1	3/8		1/4	3/2		-3	87	Eb6	6	169
19	18	107/2	107/2	0.5	1/2	1/2	6/8	2	1	1/8		1/8	1		-4	56	Ab3	3	173
19	18	107/2	107/2	0.5	1/2	1/2	6/8	2	1	1/8		1/8	1		0	60	C4	4	173
19	18	107/2	107/2	0.5	1/2	1/2	6/8	2	1	1/8		1/8	1		-3	63	Eb4	4	173
19	18	107/2	107/2	0.5	1/2	1/2	6/8	2	1	1/8		1/8	1		-6	66	Gb4	4	173
20	19	109/2	109/2	0.0	0	0	6/8	1	1	0	grace16	1/16	1		-4	80	Ab5	5	174
20	19	109/2	109/2	0.0	0	0	6/8	1	1	0	grace16	1/16	1		-5	85	Db6	6	174
20	19	109/2	109/2	0.0	0	0	6/8	1	1	0	grace16	1/16	1	0	-5	73	Db5	5	175
20	19	109/2	109/2	0.5	0	0	6/8	2	1	1/8		1/8	1		-5	49	Db3	3	179
20	19	109/2	109/2	1.5	0	0	6/8	1	1	3/8		1/4	3/2	1	-5	73	Db5	5	176
20	19	109/2	109/2	1.5	0	0	6/8	1	1	3/8		1/4	3/2	1	-4	80	Ab5	5	176
20	19	109/2	109/2	1.5	0	0	6/8	1	1	3/8		1/4	3/2	1	-5	85	Db6	6	176
20	19	55	55	0.5	1/8	1/8	6/8	2	1	1/8		1/8	1		-4	56	Ab3	3	180
20	19	55	55	0.5	1/8	1/8	6/8	2	1	1/8		1/8	1		-5	61	Db4	4	180
20	19	55	55	0.5	1/8	1/8	6/8	2	1	1/8		1/8	1		-1	65	F4	4	180
20	19	111/2	111/2	0.5	1/4	1/4	6/8	2	1	1/8		1/8	1		-4	56	Ab3	3	181
20	19	111/2	111/2	0.5	1/4	1/4	6/8	2	1	1/8		1/8	1		-5	61	Db4	4	181
20	19	111/2	111/2	0.5	1/4	1/4	6/8	2	1	1/8		1/8	1		-1	65	F4	4	181
20	19	56	56	1.0	3/8	3/8	6/8	1	1	1/4		1/4	1	-1	-5	73	Db5	5	177
20	19	56	56	1.0	3/8	3/8	6/8	1	1	1/4		1/4	1	-1	-4	80	Ab5	5	177
20	19	56	56	1.0	3/8	3/8	6/8	1	1	1/4		1/4	1	-1	-5	85	Db6	6	177
20	19	57	57	0.5	5/8	5/8	6/8	2	1	1/8		1/8	1		-4	56	Ab3	3	182
20	19	57	57	0.5	5/8	5/8	6/8	2	1	1/8		1/8	1		-5	61	Db4	4	182
20	19	57	57	0.5	5/8	5/8	6/8	2	1	1/8		1/8	1		-1	65	F4	4	182
20	19	57	57	0.5	5/8	5/8	6/8	1	1	1/8		1/8	1		-5	73	Db5	5	178
20	19	57	57	0.5	5/8	5/8	6/8	1	1	1/8		1/8	1		-4	80	Ab5	5	178
20	19	57	57	0.5	5/8	5/8	6/8	1	1	1/8		1/8	1		-5	85	Db6	6	178
21	20	115/2	115/2	0.0	0	0	6/8	1	1	0	grace16	1/16	1		-4	80	Ab5	5	183
21	20	115/2	115/2	0.0	0	0	6/8	1	1	0	grace16	1/16	1		-3	87	Eb6	6	183
21	20	115/2	115/2	0.0	0	0	6/8	1	1	0	grace16	1/16	1	0	-3	75	Eb5	5	184
21	20	115/2	115/2	0.5	0	0	6/8	2	1	1/8		1/8	1		-5	49	Db3	3	191
21	20	115/2	115/2	1.0	0	0	6/8	1	1	1/4		1/4	1		-3	75	Eb5	5	185
21	20	115/2	115/2	1.0	0	0	6/8	1	1	1/4		1/4	1		-4	80	Ab5	5	185
21	20	115/2	115/2	1.0	0	0	6/8	1	1	1/4		1/4	1		-3	87	Eb6	6	185
21	20	58	58	0.5	1/8	1/8	6/8	2	1	1/8		1/8	1		-4	56	Ab3	3	192
21	20	58	58	0.5	1/8	1/8	6/8	2	1	1/8		1/8	1		0	60	C4	4	192
21	20	58	58	0.5	1/8	1/8	6/8	2	1	1/8		1/8	1		-3	63	Eb4	4	192
21	20	58	58	0.5	1/8	1/8	6/8	2	1	1/8		1/8	1		-6	66	Gb4	4	192
21	20	117/2	117/2	0.5	1/4	1/4	6/8	1	1	1/8		1/8	1		-1	77	F5	5	186
21	20	117/2	117/2	0.5	1/4	1/4	6/8	1	1	1/8		1/8	1		-4	80	Ab5	5	186
21	20	117/2	117/2	0.5	1/4	1/4	6/8	1	1	1/8		1/8	1		-1	89	F6	6	186
21	20	59	59	0.0	3/8	3/8	6/8	1	1	0	grace16	1/16	1		-4	80	Ab5	5	187
21	20	59	59	0.0	3/8	3/8	6/8	1	1	0	grace16	1/16	1		-3	87	Eb6	6	187
21	20	59	59	0.0	3/8	3/8	6/8	1	1	0	grace16	1/16	1	0	-3	75	Eb5	5	188
21	20	59	59	1.0	3/8	3/8	6/8	1	1	1/4		1/4	1		-3	75	Eb5	5	189
21	20	59	59	1.0	3/8	3/8	6/8	1	1	1/4		1/4	1		-4	80	Ab5	5	189
21	20	59	59	1.0	3/8	3/8	6/8	1	1	1/4		1/4	1		-3	87	Eb6	6	189
21	20	119/2	119/2	0.5	1/2	1/2	6/8	2	1	1/8		1/8	1		-4	56	Ab3	3	193
21	20	119/2	119/2	0.5	1/2	1/2	6/8	2	1	1/8		1/8	1		0	60	C4	4	193
21	20	119/2	119/2	0.5	1/2	1/2	6/8	2	1	1/8		1/8	1		-3	63	Eb4	4	193
21	20	119/2	119/2	0.5	1/2	1/2	6/8	2	1	1/8		1/8	1		-6	66	Gb4	4	193
21	20	60	60	0.5	5/8	5/8	6/8	1	1	1/8		1/8	1		-4	68	Ab4	4	190
21	20	60	60	0.5	5/8	5/8	6/8	1	1	1/8		1/8	1		-4	80	Ab5	5	190
22	21	121/2	121/2	0.0	0	0	6/8	1	1	0	grace16	1/16	1		-4	80	Ab5	5	194
22	21	121/2	121/2	0.0	0	0	6/8	1	1	0	grace16	1/16	1		-5	85	Db6	6	194
22	21	121/2	121/2	0.0	0	0	6/8	1	1	0	grace16	1/16	1	0	-5	73	Db5	5	195
22	21	121/2	121/2	0.5	0	0	6/8	2	1	1/8		1/8	1		-5	49	Db3	3	197
22	21	121/2	121/2	3.0	0	0	6/8	1	1	3/4		1/2	3/2	1	-5	73	Db5	5	196
22	21	121/2	121/2	3.0	0	0	6/8	1	1	3/4		1/2	3/2	1	-4	80	Ab5	5	196
22	21	121/2	121/2	3.0	0	0	6/8	1	1	3/4		1/2	3/2	1	-5	85	Db6	6	196
22	21	61	61	0.5	1/8	1/8	6/8	2	1	1/8		1/8	1		-4	56	Ab3	3	198
22	21	61	61	0.5	1/8	1/8	6/8	2	1	1/8		1/8	1		-5	61	Db4	4	198
22	21	61	61	0.5	1/8	1/8	6/8	2	1	1/8		1/8	1		-1	65	F4	4	198
22	21	123/2	123/2	0.5	1/4	1/4	6/8	2	1	1/8		1/8	1		-4	56	Ab3	3	199
22	21	123/2	123/2	0.5	1/4	1/4	6/8	2	1	1/8		1/8	1		-5	61	Db4	4	199
22	21	123/2	123/2	0.5	1/4	1/4	6/8	2	1	1/8		1/8	1		-1	65	F4	4	199
22	21	63	63	0.5	5/8	5/8	6/8	2	1	1/8		1/8	1		-4	56	Ab3	3	200
22	21	63	63	0.5	5/8	5/8	6/8	2	1	1/8		1/8	1		-5	61	Db4	4	200
22	21	63	63	0.5	5/8	5/8	6/8	2	1	1/8		1/8	1		-1	65	F4	4	200
23	22	127/2	127/2	0.5	0	0	6/8	2	1	1/8		1/8	1		-5	49	Db3	3	203
23	22	127/2	127/2	1.5	0	0	6/8	1	1	3/8		1/4	3/2	-1	-5	73	Db5	5	201
23	22	127/2	127/2	1.5	0	0	6/8	1	1	3/8		1/4	3/2	-1	-4	80	Ab5	5	201
23	22	127/2	127/2	1.5	0	0	6/8	1	1	3/8		1/4	3/2	-1	-5	85	Db6	6	201
23	22	129/2	129/2	0.5	1/4	1/4	6/8	2	1	1/8		1/8	1		-4	56	Ab3	3	204
23	22	129/2	129/2	0.5	1/4	1/4	6/8	2	1	1/8		1/8	1		-5	61	Db4	4	204
23	22	129/2	129/2	0.5	1/4	1/4	6/8	2	1	1/8		1/8	1		-1	65	F4	4	204
23	22	131/2	131/2	0.5	1/2	1/2	6/8	2	1	1/8		1/8	1		-4	56	Ab3	3	205
23	22	131/2	131/2	0.5	1/2	1/2	6/8	2	1	1/8		1/8	1		-5	61	Db4	4	205
23	22	131/2	131/2	0.5	1/2	1/2	6/8	2	1	1/8		1/8	1		-1	65	F4	4	205
23	22	66	66	0.5	5/8	5/8	6/8	1	1	1/8		1/8	1		-4	80	Ab5	5	202
24	23	133/2	133/2	0.0	0	0	6/8	1	1	0	grace16	1/16	1		0	84	C6	6	206
24	23	133/2	133/2	0.0	0	0	6/8	1	1	0	grace16	1/16	1		-3	87	Eb6	6	206
24	23	133/2	133/2	0.0	0	0	6/8	1	1	0	grace16	1/16	1	0	-3	75	Eb5	5	207
24	23	133/2	133/2	0.5	0	0	6/8	2	1	1/8		1/8	1		-5	37	Db2	2	211
24	23	133/2	133/2	0.5	0	0	6/8	2	1	1/8		1/8	1		-5	49	Db3	3	211
24	23	133/2	133/2	1.5	0	0	6/8	1	1	3/8		1/4	3/2	1	-3	75	Eb5	5	208
24	23	133/2	133/2	1.5	0	0	6/8	1	1	3/8		1/4	3/2	1	0	84	C6	6	208
24	23	133/2	133/2	1.5	0	0	6/8	1	1	3/8		1/4	3/2	1	-3	87	Eb6	6	208
24	23	67	67	0.5	1/8	1/8	6/8	2	1	1/8		1/8	1		-3	51	Eb3	3	212
24	23	67	67	0.5	1/8	1/8	6/8	2	1	1/8		1/8	1		-6	54	Gb3	3	212
24	23	67	67	0.5	1/8	1/8	6/8	2	1	1/8		1/8	1		-4	56	Ab3	3	212
24	23	67	67	0.5	1/8	1/8	6/8	2	1	1/8		1/8	1		0	60	C4	4	212
24	23	135/2	135/2	0.5	1/4	1/4	6/8	2	1	1/8		1/8	1		-3	51	Eb3	3	213
24	23	135/2	135/2	0.5	1/4	1/4	6/8	2	1	1/8		1/8	1		-6	54	Gb3	3	213
24	23	135/2	135/2	0.5	1/4	1/4	6/8	2	1	1/8		1/8	1		-4	56	Ab3	3	213
24	23	135/2	135/2	0.5	1/4	1/4	6/8	2	1	1/8		1/8	1		0	60	C4	4	213
24	23	68	68	1.0	3/8	3/8	6/8	1	1	1/4		1/4	1	-1	-3	75	Eb5	5	209
24	23	68	68	1.0	3/8	3/8	6/8	1	1	1/4		1/4	1	-1	0	84	C6	6	209
24	23	68	68	1.0	3/8	3/8	6/8	1	1	1/4		1/4	1	-1	-3	87	Eb6	6	209
24	23	69	69	0.5	5/8	5/8	6/8	2	1	1/8		1/8	1		-3	51	Eb3	3	214
24	23	69	69	0.5	5/8	5/8	6/8	2	1	1/8		1/8	1		-6	54	Gb3	3	214
24	23	69	69	0.5	5/8	5/8	6/8	2	1	1/8		1/8	1		-4	56	Ab3	3	214
24	23	69	69	0.5	5/8	5/8	6/8	2	1	1/8		1/8	1		0	60	C4	4	214
24	23	69	69	0.5	5/8	5/8	6/8	1	1	1/8		1/8	1		-5	73	Db5	5	210
24	23	69	69	0.5	5/8	5/8	6/8	1	1	1/8		1/8	1		-2	82	Bb5	5	210
24	23	69	69	0.5	5/8	5/8	6/8	1	1	1/8		1/8	1		-5	85	Db6	6	210
25	24	139/2	139/2	0.0	0	0	6/8	1	1	0	grace16	1/16	1		-4	80	Ab5	5	215
25	24	139/2	139/2	0.0	0	0	6/8	1	1	0	grace16	1/16	1		0	84	C6	6	215
25	24	139/2	139/2	0.0	0	0	6/8	1	1	0	grace16	1/16	1	0	0	72	C5	5	216
25	24	139/2	139/2	0.5	0	0	6/8	2	1	1/8		1/8	1		-5	37	Db2	2	220
25	24	139/2	139/2	0.5	0	0	6/8	2	1	1/8		1/8	1		-5	49	Db3	3	220
25	24	139/2	139/2	1.0	0	0	6/8	1	1	1/4		1/4	1		0	72	C5	5	217
25	24	139/2	139/2	1.0	0	0	6/8	1	1	1/4		1/4	1		-4	80	Ab5	5	217
25	24	139/2	139/2	1.0	0	0	6/8	1	1	1/4		1/4	1		0	84	C6	6	217
25	24	70	70	0.5	1/8	1/8	6/8	2	1	1/8		1/8	1		-3	51	Eb3	3	221
25	24	70	70	0.5	1/8	1/8	6/8	2	1	1/8		1/8	1		-6	54	Gb3	3	221
25	24	70	70	0.5	1/8	1/8	6/8	2	1	1/8		1/8	1		-4	56	Ab3	3	221
25	24	70	70	0.5	1/8	1/8	6/8	2	1	1/8		1/8	1		0	60	C4	4	221
25	24	141/2	141/2	0.5	1/4	1/4	6/8	2	1	1/8		1/8	1		-3	51	Eb3	3	222
25	24	141/2	141/2	0.5	1/4	1/4	6/8	2	1	1/8		1/8	1		-6	54	Gb3	3	222
25	24	141/2	141/2	0.5	1/4	1/4	6/8	2	1	1/8		1/8	1		-4	56	Ab3	3	222
25	24	141/2	141/2	0.5	1/4	1/4	6/8	2	1	1/8		1/8	1		0	60	C4	4	222
25	24	141/2	141/2	0.5	1/4	1/4	6/8	1	1	1/8		1/8	1		-2	70	Bb4	4	218
25	24	141/2	141/2	0.5	1/4	1/4	6/8	1	1	1/8		1/8	1		-6	78	Gb5	5	218
25	24	141/2	141/2	0.5	1/4	1/4	6/8	1	1	1/8		1/8	1		-2	82	Bb5	5	218
25	24	71	71	1.5	3/8	3/8	6/8	1	1	3/8		1/4	3/2		-2	70	Bb4	4	219
25	24	71	71	1.5	3/8	3/8	6/8	1	1	3/8		1/4	3/2		-6	78	Gb5	5	219
25	24	71	71	1.5	3/8	3/8	6/8	1	1	3/8		1/4	3/2		-2	82	Bb5	5	219
25	24	72	72	0.5	5/8	5/8	6/8	2	1	1/8		1/8	1		-3	51	Eb3	3	223
25	24	72	72	0.5	5/8	5/8	6/8	2	1	1/8		1/8	1		-6	54	Gb3	3	223
25	24	72	72	0.5	5/8	5/8	6/8	2	1	1/8		1/8	1		-4	56	Ab3	3	223
25	24	72	72	0.5	5/8	5/8	6/8	2	1	1/8		1/8	1		0	60	C4	4	223
26	25	145/2	145/2	0.0	0	0	6/8	1	1	0	grace16	1/16	1		-1	77	F5	5	224
26	25	145/2	145/2	0.0	0	0	6/8	1	1	0	grace16	1/16	1		-4	80	Ab5	5	224
26	25	145/2	145/2	0.0	0	0	6/8	1	1	0	grace16	1/16	1	0	-4	68	Ab4	4	225
26	25	145/2	145/2	0.5	0	0	6/8	2	1	1/8		1/8	1		-5	37	Db2	2	229
26	25	145/2	145/2	0.5	0	0	6/8	2	1	1/8		1/8	1		-5	49	Db3	3	229
26	25	145/2	145/2	1.5	0	0	6/8	1	1	3/8		1/4	3/2	1	-4	68	Ab4	4	226
26	25	145/2	145/2	1.5	0	0	6/8	1	1	3/8		1/4	3/2	1	-1	77	F5	5	226
26	25	145/2	145/2	1.5	0	0	6/8	1	1	3/8		1/4	3/2	1	-4	80	Ab5	5	226
26	25	73	73	0.5	1/8	1/8	6/8	2	1	1/8		1/8	1		-3	51	Eb3	3	230
26	25	73	73	0.5	1/8	1/8	6/8	2	1	1/8		1/8	1		-6	54	Gb3	3	230
26	25	73	73	0.5	1/8	1/8	6/8	2	1	1/8		1/8	1		-4	56	Ab3	3	230
26	25	73	73	0.5	1/8	1/8	6/8	2	1	1/8		1/8	1		0	60	C4	4	230
26	25	147/2	147/2	0.5	1/4	1/4	6/8	2	1	1/8		1/8	1		-3	51	Eb3	3	231
26	25	147/2	147/2	0.5	1/4	1/4	6/8	2	1	1/8		1/8	1		-6	54	Gb3	3	231
26	25	147/2	147/2	0.5	1/4	1/4	6/8	2	1	1/8		1/8	1		-4	56	Ab3	3	231
26	25	147/2	147/2	0.5	1/4	1/4	6/8	2	1	1/8		1/8	1		0	60	C4	4	231
26	25	74	74	1.0	3/8	3/8	6/8	1	1	1/4		1/4	1	-1	-4	68	Ab4	4	227
26	25	74	74	1.0	3/8	3/8	6/8	1	1	1/4		1/4	1	-1	-1	77	F5	5	227
26	25	74	74	1.0	3/8	3/8	6/8	1	1	1/4		1/4	1	-1	-4	80	Ab5	5	227
26	25	75	75	0.5	5/8	5/8	6/8	2	1	1/8		1/8	1		-3	51	Eb3	3	232
26	25	75	75	0.5	5/8	5/8	6/8	2	1	1/8		1/8	1		-6	54	Gb3	3	232
26	25	75	75	0.5	5/8	5/8	6/8	2	1	1/8		1/8	1		-4	56	Ab3	3	232
26	25	75	75	0.5	5/8	5/8	6/8	2	1	1/8		1/8	1		0	60	C4	4	232
26	25	75	75	0.5	5/8	5/8	6/8	1	1	1/8		1/8	1		-4	68	Ab4	4	228
26	25	75	75	0.5	5/8	5/8	6/8	1	1	1/8		1/8	1		-1	77	F5	5	228
26	25	75	75	0.5	5/8	5/8	6/8	1	1	1/8		1/8	1		-4	80	Ab5	5	228
27	26	151/2	151/2	0.0	0	0	6/8	1	1	0	grace16	1/16	1		-6	78	Gb5	5	233
27	26	151/2	151/2	0.0	0	0	6/8	1	1	0	grace16	1/16	1		-2	82	Bb5	5	233
27	26	151/2	151/2	0.0	0	0	6/8	1	1	0	grace16	1/16	1	0	-2	70	Bb4	4	234
27	26	151/2	151/2	0.5	0	0	6/8	2	1	1/8		1/8	1		-5	37	Db2	2	241
27	26	151/2	151/2	0.5	0	0	6/8	2	1	1/8		1/8	1		-5	49	Db3	3	241
27	26	151/2	151/2	1.0	0	0	6/8	1	1	1/4		1/4	1		-2	70	Bb4	4	235
27	26	151/2	151/2	1.0	0	0	6/8	1	1	1/4		1/4	1		-6	78	Gb5	5	235
27	26	151/2	151/2	1.0	0	0	6/8	1	1	1/4		1/4	1		-2	82	Bb5	5	235
27	26	76	76	0.5	1/8	1/8	6/8	2	1	1/8		1/8	1		-3	51	Eb3	3	242
27	26	76	76	0.5	1/8	1/8	6/8	2	1	1/8		1/8	1		-6	54	Gb3	3	242
27	26	76	76	0.5	1/8	1/8	6/8	2	1	1/8		1/8	1		-4	56	Ab3	3	242
27	26	76	76	0.5	1/8	1/8	6/8	2	1	1/8		1/8	1		0	60	C4	4	242
27	26	153/2	153/2	0.5	1/4	1/4	6/8	2	1	1/8		1/8	1		-3	51	Eb3	3	243
27	26	153/2	153/2	0.5	1/4	1/4	6/8	2	1	1/8		1/8	1		-6	54	Gb3	3	243
27	26	153/2	153/2	0.5	1/4	1/4	6/8	2	1	1/8		1/8	1		-4	56	Ab3	3	243
27	26	153/2	153/2	0.5	1/4	1/4	6/8	2	1	1/8		1/8	1		0	60	C4	4	243
27	26	153/2	153/2	0.5	1/4	1/4	6/8	1	1	1/8		1/8	1		0	72	C5	5	236
27	26	153/2	153/2	0.5	1/4	1/4	6/8	1	1	1/8		1/8	1		-4	80	Ab5	5	236
27	26	153/2	153/2	0.5	1/4	1/4	6/8	1	1	1/8		1/8	1		0	84	C6	6	236
27	26	77	77	0.0	3/8	3/8	6/8	1	1	0	grace16	1/16	1		-6	78	Gb5	5	237
27	26	77	77	0.0	3/8	3/8	6/8	1	1	0	grace16	1/16	1		-2	82	Bb5	5	237
27	26	77	77	0.0	3/8	3/8	6/8	1	1	0	grace16	1/16	1	0	-2	70	Bb4	4	238
27	26	77	77	1.0	3/8	3/8	6/8	1	1	1/4		1/4	1		-2	70	Bb4	4	239
27	26	77	77	1.0	3/8	3/8	6/8	1	1	1/4		1/4	1		-6	78	Gb5	5	239
27	26	77	77	1.0	3/8	3/8	6/8	1	1	1/4		1/4	1		-2	82	Bb5	5	239
27	26	78	78	0.5	5/8	5/8	6/8	2	1	1/8		1/8	1		-3	51	Eb3	3	244
27	26	78	78	0.5	5/8	5/8	6/8	2	1	1/8		1/8	1		-6	54	Gb3	3	244
27	26	78	78	0.5	5/8	5/8	6/8	2	1	1/8		1/8	1		-4	56	Ab3	3	244
27	26	78	78	0.5	5/8	5/8	6/8	2	1	1/8		1/8	1		0	60	C4	4	244
27	26	78	78	0.5	5/8	5/8	6/8	1	1	1/8		1/8	1		-4	68	Ab4	4	240
27	26	78	78	0.5	5/8	5/8	6/8	1	1	1/8		1/8	1		-1	77	F5	5	240
27	26	78	78	0.5	5/8	5/8	6/8	1	1	1/8		1/8	1		-4	80	Ab5	5	240
28	27	157/2	157/2	0.0	0	0	6/8	1	1	0	grace16	1/16	1		0	72	C5	5	245
28	27	157/2	157/2	0.0	0	0	6/8	1	1	0	grace16	1/16	1		-3	75	Eb5	5	245
28	27	157/2	157/2	0.0	0	0	6/8	1	1	0	grace16	1/16	1	0	-3	63	Eb4	4	246
28	27	157/2	157/2	0.5	0	0	6/8	2	1	1/8		1/8	1		-5	37	Db2	2	248
28	27	157/2	157/2	0.5	0	0	6/8	2	1	1/8		1/8	1		-5	49	Db3	3	248
28	27	157/2	157/2	3.0	0	0	6/8	1	1	3/4		1/2	3/2	1	-3	63	Eb4	4	247
28	27	157/2	157/2	3.0	0	0	6/8	1	1	3/4		1/2	3/2	1	0	72	C5	5	247
28	27	157/2	157/2	3.0	0	0	6/8	1	1	3/4		1/2	3/2	1	-3	75	Eb5	5	247
28	27	79	79	0.5	1/8	1/8	6/8	2	1	1/8		1/8	1		-3	51	Eb3	3	249
28	27	79	79	0.5	1/8	1/8	6/8	2	1	1/8		1/8	1		-6	54	Gb3	3	249
28	27	79	79	0.5	1/8	1/8	6/8	2	1	1/8		1/8	1		-4	56	Ab3	3	249
28	27	79	79	0.5	1/8	1/8	6/8	2	1	1/8		1/8	1		0	60	C4	4	249
28	27	159/2	159/2	0.5	1/4	1/4	6/8	2	1	1/8		1/8	1		-3	51	Eb3	3	250
28	27	159/2	159/2	0.5	1/4	1/4	6/8	2	1	1/8		1/8	1		-6	54	Gb3	3	250
28	27	159/2	159/2	0.5	1/4	1/4	6/8	2	1	1/8		1/8	1		-4	56	Ab3	3	250
28	27	159/2	159/2	0.5	1/4	1/4	6/8	2	1	1/8		1/8	1		0	60	C4	4	250
28	27	81	81	0.5	5/8	5/8	6/8	2	1	1/8		1/8	1		-3	51	Eb3	3	251
28	27	81	81	0.5	5/8	5/8	6/8	2	1	1/8		1/8	1		-6	54	Gb3	3	251
28	27	81	81	0.5	5/8	5/8	6/8	2	1	1/8		1/8	1		-4	56	Ab3	3	251
28	27	81	81	0.5	5/8	5/8	6/8	2	1	1/8		1/8	1		0	60	C4	4	251
29	28	163/2	163/2	1.5	0	0	6/8	1	1	3/8		1/4	3/2	-1	-3	63	Eb4	4	252
29	28	163/2	163/2	1.5	0	0	6/8	1	1	3/8		1/4	3/2	-1	0	72	C5	5	252
29	28	163/2	163/2	1.5	0	0	6/8	1	1	3/8		1/4	3/2	-1	-3	75	Eb5	5	252
29	28	165/2	165/2	0.5	1/4	1/4	6/8	2	1	1/8		1/8	1		-3	51	Eb3	3	257
29	28	165/2	165/2	0.5	1/4	1/4	6/8	2	1	1/8		1/8	1		-6	54	Gb3	3	257
29	28	165/2	165/2	0.5	1/4	1/4	6/8	2	1	1/8		1/8	1		-4	56	Ab3	3	257
29	28	165/2	165/2	0.5	1/4	1/4	6/8	2	1	1/8		1/8	1		0	60	C4	4	257
29	28	84	84	0.125	5/8	5/8	6/8	1	1	1/32		1/32	1		-4	80	Ab5	5	253
29	28	673/8	673/8	0.125	21/32	21/32	6/8	1	1	1/32		1/32	1		-2	82	Bb5	5	254
29	28	337/4	337/4	0.125	11/16	11/16	6/8	1	1	1/32		1/32	1		0	84	C6	6	255
29	28	675/8	675/8	0.125	23/32	23/32	6/8	1	1	1/32		1/32	1		-5	85	Db6	6	256
30	29	169/2	169/2	0.0	0	0	6/8	1	1	0	grace16	1/16	1		0	84	C6	6	258
30	29	169/2	169/2	0.0	0	0	6/8	1	1	0	grace16	1/16	1		-3	87	Eb6	6	258
30	29	169/2	169/2	0.0	0	0	6/8	1	1	0	grace16	1/16	1	0	-3	75	Eb5	5	259
30	29	169/2	169/2	0.5	0	0	6/8	2	1	1/8		1/8	1		-5	37	Db2	2	263
30	29	169/2	169/2	0.5	0	0	6/8	2	1	1/8		1/8	1		-5	49	Db3	3	263
30	29	169/2	169/2	1.5	0	0	6/8	1	1	3/8		1/4	3/2	1	-3	75	Eb5	5	260
30	29	169/2	169/2	1.5	0	0	6/8	1	1	3/8		1/4	3/2	1	0	84	C6	6	260
30	29	169/2	169/2	1.5	0	0	6/8	1	1	3/8		1/4	3/2	1	-3	87	Eb6	6	260
30	29	85	85	0.5	1/8	1/8	6/8	2	1	1/8		1/8	1		-3	51	Eb3	3	264
30	29	85	85	0.5	1/8	1/8	6/8	2	1	1/8		1/8	1		-6	54	Gb3	3	264
30	29	85	85	0.5	1/8	1/8	6/8	2	1	1/8		1/8	1		-4	56	Ab3	3	264
30	29	85	85	0.5	1/8	1/8	6/8	2	1	1/8		1/8	1		0	60	C4	4	264
30	29	171/2	171/2	0.5	1/4	1/4	6/8	2	1	1/8		1/8	1		-3	51	Eb3	3	265
30	29	171/2	171/2	0.5	1/4	1/4	6/8	2	1	1/8		1/8	1		-6	54	Gb3	3	265
30	29	171/2	171/2	0.5	1/4	1/4	6/8	2	1	1/8		1/8	1		-4	56	Ab3	3	265
30	29	171/2	171/2	0.5	1/4	1/4	6/8	2	1	1/8		1/8	1		0	60	C4	4	265
30	29	86	86	1.0	3/8	3/8	6/8	1	1	1/4		1/4	1	-1	-3	75	Eb5	5	261
30	29	86	86	1.0	3/8	3/8	6/8	1	1	1/4		1/4	1	-1	0	84	C6	6	261
30	29	86	86	1.0	3/8	3/8	6/8	1	1	1/4		1/4	1	-1	-3	87	Eb6	6	261
30	29	87	87	0.5	5/8	5/8	6/8	2	1	1/8		1/8	1		-3	51	Eb3	3	266
30	29	87	87	0.5	5/8	5/8	6/8	2	1	1/8		1/8	1		-6	54	Gb3	3	266
30	29	87	87	0.5	5/8	5/8	6/8	2	1	1/8		1/8	1		-4	56	Ab3	3	266
30	29	87	87	0.5	5/8	5/8	6/8	2	1	1/8		1/8	1		0	60	C4	4	266
30	29	87	87	0.5	5/8	5/8	6/8	1	1	1/8		1/8	1		-5	73	Db5	5	262
30	29	87	87	0.5	5/8	5/8	6/8	1	1	1/8		1/8	1		-2	82	Bb5	5	262
30	29	87	87	0.5	5/8	5/8	6/8	1	1	1/8		1/8	1		-5	85	Db6	6	262
31	30	175/2	175/2	0.0	0	0	6/8	1	1	0	grace16	1/16	1		-4	80	Ab5	5	267
31	30	175/2	175/2	0.0	0	0	6/8	1	1	0	grace16	1/16	1		0	84	C6	6	267
31	30	175/2	175/2	0.0	0	0	6/8	1	1	0	grace16	1/16	1	0	0	72	C5	5	268
31	30	175/2	175/2	0.5	0	0	6/8	2	1	1/8		1/8	1		-5	37	Db2	2	272
31	30	175/2	175/2	0.5	0	0	6/8	2	1	1/8		1/8	1		-5	49	Db3	3	272
31	30	175/2	175/2	1.0	0	0	6/8	1	1	1/4		1/4	1		0	72	C5	5	269
31	30	175/2	175/2	1.0	0	0	6/8	1	1	1/4		1/4	1		-4	80	Ab5	5	269
31	30	175/2	175/2	1.0	0	0	6/8	1	1	1/4		1/4	1		0	84	C6	6	269
31	30	88	88	0.5	1/8	1/8	6/8	2	1	1/8		1/8	1		-3	51	Eb3	3	273
31	30	88	88	0.5	1/8	1/8	6/8	2	1	1/8		1/8	1		-6	54	Gb3	3	273
31	30	88	88	0.5	1/8	1/8	6/8	2	1	1/8		1/8	1		-4	56	Ab3	3	273
31	30	88	88	0.5	1/8	1/8	6/8	2	1	1/8		1/8	1		0	60	C4	4	273
31	30	177/2	177/2	0.5	1/4	1/4	6/8	2	1	1/8		1/8	1		-3	51	Eb3	3	274
31	30	177/2	177/2	0.5	1/4	1/4	6/8	2	1	1/8		1/8	1		-6	54	Gb3	3	274
31	30	177/2	177/2	0.5	1/4	1/4	6/8	2	1	1/8		1/8	1		-4	56	Ab3	3	274
31	30	177/2	177/2	0.5	1/4	1/4	6/8	2	1	1/8		1/8	1		0	60	C4	4	274
31	30	177/2	177/2	0.5	1/4	1/4	6/8	1	1	1/8		1/8	1		-2	70	Bb4	4	270
31	30	177/2	177/2	0.5	1/4	1/4	6/8	1	1	1/8		1/8	1		-6	78	Gb5	5	270
31	30	177/2	177/2	0.5	1/4	1/4	6/8	1	1	1/8		1/8	1		-2	82	Bb5	5	270
31	30	89	89	1.5	3/8	3/8	6/8	1	1	3/8		1/4	3/2		-2	70	Bb4	4	271
31	30	89	89	1.5	3/8	3/8	6/8	1	1	3/8		1/4	3/2		-6	78	Gb5	5	271
31	30	89	89	1.5	3/8	3/8	6/8	1	1	3/8		1/4	3/2		-2	82	Bb5	5	271
31	30	90	90	0.5	5/8	5/8	6/8	2	1	1/8		1/8	1		-3	51	Eb3	3	275
31	30	90	90	0.5	5/8	5/8	6/8	2	1	1/8		1/8	1		-6	54	Gb3	3	275
31	30	90	90	0.5	5/8	5/8	6/8	2	1	1/8		1/8	1		-4	56	Ab3	3	275
31	30	90	90	0.5	5/8	5/8	6/8	2	1	1/8		1/8	1		0	60	C4	4	275
32	31	181/2	181/2	0.0	0	0	6/8	1	1	0	grace16	1/16	1		-1	77	F5	5	276
32	31	181/2	181/2	0.0	0	0	6/8	1	1	0	grace16	1/16	1		-4	80	Ab5	5	276
32	31	181/2	181/2	0.0	0	0	6/8	1	1	0	grace16	1/16	1	0	-4	68	Ab4	4	277
32	31	181/2	181/2	0.5	0	0	6/8	2	1	1/8		1/8	1		-5	37	Db2	2	281
32	31	181/2	181/2	0.5	0	0	6/8	2	1	1/8		1/8	1		-5	49	Db3	3	281
32	31	181/2	181/2	1.5	0	0	6/8	1	1	3/8		1/4	3/2	1	-4	68	Ab4	4	278
32	31	181/2	181/2	1.5	0	0	6/8	1	1	3/8		1/4	3/2	1	-1	77	F5	5	278
32	31	181/2	181/2	1.5	0	0	6/8	1	1	3/8		1/4	3/2	1	-4	80	Ab5	5	278
32	31	91	91	0.5	1/8	1/8	6/8	2	1	1/8		1/8	1		-3	51	Eb3	3	282
32	31	91	91	0.5	1/8	1/8	6/8	2	1	1/8		1/8	1		-6	54	Gb3	3	282
32	31	91	91	0.5	1/8	1/8	6/8	2	1	1/8		1/8	1		-4	56	Ab3	3	282
32	31	91	91	0.5	1/8	1/8	6/8	2	1	1/8		1/8	1		0	60	C4	4	282
32	31	183/2	183/2	0.5	1/4	1/4	6/8	2	1	1/8		1/8	1		-3	51	Eb3	3	283
32	31	183/2	183/2	0.5	1/4	1/4	6/8	2	1	1/8		1/8	1		-6	54	Gb3	3	283
32	31	183/2	183/2	0.5	1/4	1/4	6/8	2	1	1/8		1/8	1		-4	56	Ab3	3	283
32	31	183/2	183/2	0.5	1/4	1/4	6/8	2	1	1/8		1/8	1		0	60	C4	4	283
32	31	92	92	1.0	3/8	3/8	6/8	1	1	1/4		1/4	1	-1	-4	68	Ab4	4	279
32	31	92	92	1.0	3/8	3/8	6/8	1	1	1/4		1/4	1	-1	-1	77	F5	5	279
32	31	92	92	1.0	3/8	3/8	6/8	1	1	1/4		1/4	1	-1	-4	80	Ab5	5	279
32	31	93	93	0.5	5/8	5/8	6/8	2	1	1/8		1/8	1		-3	51	Eb3	3	284
32	31	93	93	0.5	5/8	5/8	6/8	2	1	1/8		1/8	1		-6	54	Gb3	3	284
32	31	93	93	0.5	5/8	5/8	6/8	2	1	1/8		1/8	1		-4	56	Ab3	3	284
32	31	93	93	0.5	5/8	5/8	6/8	2	1	1/8		1/8	1		0	60	C4	4	284
32	31	93	93	0.5	5/8	5/8	6/8	1	1	1/8		1/8	1		-4	68	Ab4	4	280
32	31	93	93	0.5	5/8	5/8	6/8	1	1	1/8		1/8	1		-1	77	F5	5	280
32	31	93	93	0.5	5/8	5/8	6/8	1	1	1/8		1/8	1		-4	80	Ab5	5	280
33	32	187/2	187/2	0.0	0	0	6/8	1	1	0	grace16	1/16	1		-6	78	Gb5	5	285
33	32	187/2	187/2	0.0	0	0	6/8	1	1	0	grace16	1/16	1		-2	82	Bb5	5	285
33	32	187/2	187/2	0.0	0	0	6/8	1	1	0	grace16	1/16	1	0	-2	70	Bb4	4	286
33	32	187/2	187/2	0.5	0	0	6/8	2	1	1/8		1/8	1		-5	37	Db2	2	293
33	32	187/2	187/2	0.5	0	0	6/8	2	1	1/8		1/8	1		-5	49	Db3	3	293
33	32	187/2	187/2	1.0	0	0	6/8	1	1	1/4		1/4	1		-2	70	Bb4	4	287
33	32	187/2	187/2	1.0	0	0	6/8	1	1	1/4		1/4	1		-6	78	Gb5	5	287
33	32	187/2	187/2	1.0	0	0	6/8	1	1	1/4		1/4	1		-2	82	Bb5	5	287
33	32	94	94	0.5	1/8	1/8	6/8	2	1	1/8		1/8	1		-3	51	Eb3	3	294
33	32	94	94	0.5	1/8	1/8	6/8	2	1	1/8		1/8	1		-6	54	Gb3	3	294
33	32	94	94	0.5	1/8	1/8	6/8	2	1	1/8		1/8	1		-4	56	Ab3	3	294
33	32	94	94	0.5	1/8	1/8	6/8	2	1	1/8		1/8	1		0	60	C4	4	294
33	32	189/2	189/2	0.5	1/4	1/4	6/8	2	1	1/8		1/8	1		-3	51	Eb3	3	295
33	32	189/2	189/2	0.5	1/4	1/4	6/8	2	1	1/8		1/8	1		-6	54	Gb3	3	295
33	32	189/2	189/2	0.5	1/4	1/4	6/8	2	1	1/8		1/8	1		-4	56	Ab3	3	295
33	32	189/2	189/2	0.5	1/4	1/4	6/8	2	1	1/8		1/8	1		0	60	C4	4	295
33	32	189/2	189/2	0.5	1/4	1/4	6/8	1	1	1/8		1/8	1		0	72	C5	5	288
33	32	189/2	189/2	0.5	1/4	1/4	6/8	1	1	1/8		1/8	1		-4	80	Ab5	5	288
33	32	189/2	189/2	0.5	1/4	1/4	6/8	1	1	1/8		1/8	1		0	84	C6	6	288
33	32	95	95	0.0	3/8	3/8	6/8	1	1	0	grace16	1/16	1		-6	78	Gb5	5	289
33	32	95	95	0.0	3/8	3/8	6/8	1	1	0	grace16	1/16	1		-2	82	Bb5	5	289
33	32	95	95	0.0	3/8	3/8	6/8	1	1	0	grace16	1/16	1	0	-2	70	Bb4	4	290
33	32	95	95	1.0	3/8	3/8	6/8	1	1	1/4		1/4	1		-2	70	Bb4	4	291
33	32	95	95	1.0	3/8	3/8	6/8	1	1	1/4		1/4	1		-6	78	Gb5	5	291
33	32	95	95	1.0	3/8	3/8	6/8	1	1	1/4		1/4	1		-2	82	Bb5	5	291
33	32	96	96	0.5	5/8	5/8	6/8	2	1	1/8		1/8	1		-3	51	Eb3	3	296
33	32	96	96	0.5	5/8	5/8	6/8	2	1	1/8		1/8	1		-6	54	Gb3	3	296
33	32	96	96	0.5	5/8	5/8	6/8	2	1	1/8		1/8	1		-4	56	Ab3	3	296
33	32	96	96	0.5	5/8	5/8	6/8	2	1	1/8		1/8	1		0	60	C4	4	296
33	32	96	96	0.5	5/8	5/8	6/8	1	1	1/8		1/8	1		-4	68	Ab4	4	292
33	32	96	96	0.5	5/8	5/8	6/8	1	1	1/8		1/8	1		-1	77	F5	5	292
33	32	96	96	0.5	5/8	5/8	6/8	1	1	1/8		1/8	1		-4	80	Ab5	5	292
34	33	193/2	193/2	0.0	0	0	6/8	1	1	0	grace16	1/16	1		0	72	C5	5	297
34	33	193/2	193/2	0.0	0	0	6/8	1	1	0	grace16	1/16	1		-3	75	Eb5	5	297
34	33	193/2	193/2	0.0	0	0	6/8	1	1	0	grace16	1/16	1	0	-3	63	Eb4	4	298
34	33	193/2	193/2	0.5	0	0	6/8	2	1	1/8		1/8	1		-5	37	Db2	2	300
34	33	193/2	193/2	0.5	0	0	6/8	2	1	1/8		1/8	1		-5	49	Db3	3	300
34	33	193/2	193/2	3.0	0	0	6/8	1	1	3/4		1/2	3/2	1	-3	63	Eb4	4	299
34	33	193/2	193/2	3.0	0	0	6/8	1	1	3/4		1/2	3/2	1	0	72	C5	5	299
34	33	193/2	193/2	3.0	0	0	6/8	1	1	3/4		1/2	3/2	1	-3	75	Eb5	5	299
34	33	97	97	0.5	1/8	1/8	6/8	2	1	1/8		1/8	1		-3	51	Eb3	3	301
34	33	97	97	0.5	1/8	1/8	6/8	2	1	1/8		1/8	1		-6	54	Gb3	3	301
34	33	97	97	0.5	1/8	1/8	6/8	2	1	1/8		1/8	1		-4	56	Ab3	3	301
34	33	97	97	0.5	1/8	1/8	6/8	2	1	1/8		1/8	1		0	60	C4	4	301
34	33	195/2	195/2	0.5	1/4	1/4	6/8	2	1	1/8		1/8	1		-3	51	Eb3	3	302
34	33	195/2	195/2	0.5	1/4	1/4	6/8	2	1	1/8		1/8	1		-6	54	Gb3	3	302
34	33	195/2	195/2	0.5	1/4	1/4	6/8	2	1	1/8		1/8	1		-4	56	Ab3	3	302
34	33	195/2	195/2	0.5	1/4	1/4	6/8	2	1	1/8		1/8	1		0	60	C4	4	302
34	33	99	99	0.5	5/8	5/8	6/8	2	1	1/8		1/8	1		-3	51	Eb3	3	303
34	33	99	99	0.5	5/8	5/8	6/8	2	1	1/8		1/8	1		-6	54	Gb3	3	303
34	33	99	99	0.5	5/8	5/8	6/8	2	1	1/8		1/8	1		-4	56	Ab3	3	303
34	33	99	99	0.5	5/8	5/8	6/8	2	1	1/8		1/8	1		0	60	C4	4	303
35	34	199/2	199/2	0.5	0	0	6/8	2	1	1/8		1/8	1		-5	49	Db3	3	321
35	34	199/2	199/2	1.0	0	0	6/8	1	1	1/4		1/4	1	-1	-3	63	Eb4	4	304
35	34	199/2	199/2	1.0	0	0	6/8	1	1	1/4		1/4	1	-1	0	72	C5	5	304
35	34	199/2	199/2	1.0	0	0	6/8	1	1	1/4		1/4	1	-1	-3	75	Eb5	5	304
35	34	100	100	0.5	1/8	1/8	6/8	2	1	1/8		1/8	1		-3	51	Eb3	3	322
35	34	100	100	0.5	1/8	1/8	6/8	2	1	1/8		1/8	1		-6	54	Gb3	3	322
35	34	100	100	0.5	1/8	1/8	6/8	2	1	1/8		1/8	1		-4	56	Ab3	3	322
35	34	100	100	0.5	1/8	1/8	6/8	2	1	1/8		1/8	1		0	60	C4	4	322
35	34	201/2	201/2	0.125	1/4	1/4	6/8	1	1	1/32		1/32	1		-4	68	Ab4	4	305
35	34	805/8	805/8	0.125	9/32	9/32	6/8	1	1	1/32		1/32	1		1	67	G4	4	306
35	34	403/4	403/4	0.125	5/16	5/16	6/8	1	1	1/32		1/32	1		-4	68	Ab4	4	307
35	34	807/8	807/8	0.125	11/32	11/32	6/8	1	1	1/32		1/32	1		-2	70	Bb4	4	308
35	34	101	101	0.125	3/8	3/8	6/8	1	1	1/32		1/32	1		0	72	C5	5	309
35	34	809/8	809/8	0.125	13/32	13/32	6/8	1	1	1/32		1/32	1		-5	73	Db5	5	310
35	34	405/4	405/4	0.125	7/16	7/16	6/8	1	1	1/32		1/32	1		-3	75	Eb5	5	311
35	34	811/8	811/8	0.125	15/32	15/32	6/8	1	1	1/32		1/32	1		-1	77	F5	5	312
35	34	203/2	203/2	0.125	1/2	1/2	6/8	1	1	1/32		1/32	1		-6	78	Gb5	5	313
35	34	813/8	813/8	0.125	17/32	17/32	6/8	1	1	1/32		1/32	1		-4	80	Ab5	5	314
35	34	407/4	407/4	0.125	9/16	9/16	6/8	1	1	1/32		1/32	1		-2	82	Bb5	5	315
35	34	815/8	815/8	0.125	19/32	19/32	6/8	1	1	1/32		1/32	1		0	84	C6	6	316
35	34	102	102	0.125	5/8	5/8	6/8	1	1	1/32		1/32	1		-5	85	Db6	6	317
35	34	817/8	817/8	0.125	21/32	21/32	6/8	1	1	1/32		1/32	1		-3	87	Eb6	6	318
35	34	409/4	409/4	0.125	11/16	11/16	6/8	1	1	1/32		1/32	1		-1	89	F6	6	319
35	34	819/8	819/8	0.125	23/32	23/32	6/8	1	1	1/32		1/32	1		-6	90	Gb6	6	320
36	35	205/2	205/2	0.0	0	0	6/8	1	1	0	grace16	1/16	1		-1	89	F6	6	323
36	35	205/2	205/2	0.0	0	0	6/8	1	1	0	grace16	1/16	1		-4	92	Ab6	6	323
36	35	205/2	205/2	0.0	0	0	6/8	1	1	0	grace16	1/16	1	0	-4	80	Ab5	5	324
36	35	205/2	205/2	0.5	0	0	6/8	2	1	1/8		1/8	1		-5	37	Db2	2	328
36	35	205/2	205/2	0.5	0	0	6/8	2	1	1/8		1/8	1		-5	49	Db3	3	328
36	35	205/2	205/2	1.5	0	0	6/8	1	1	3/8		1/4	3/2	1	-4	80	Ab5	5	325
36	35	205/2	205/2	1.5	0	0	6/8	1	1	3/8		1/4	3/2	1	-1	89	F6	6	325
36	35	205/2	205/2	1.5	0	0	6/8	1	1	3/8		1/4	3/2	1	-4	92	Ab6	6	325
36	35	103	103	0.5	1/8	1/8	6/8	2	1	1/8		1/8	1		-4	56	Ab3	3	329
36	35	103	103	0.5	1/8	1/8	6/8	2	1	1/8		1/8	1		-5	61	Db4	4	329
36	35	103	103	0.5	1/8	1/8	6/8	2	1	1/8		1/8	1		-1	65	F4	4	329
36	35	207/2	207/2	0.5	1/4	1/4	6/8	2	1	1/8		1/8	1		-4	56	Ab3	3	330
36	35	207/2	207/2	0.5	1/4	1/4	6/8	2	1	1/8		1/8	1		-5	61	Db4	4	330
36	35	207/2	207/2	0.5	1/4	1/4	6/8	2	1	1/8		1/8	1		-1	65	F4	4	330
36	35	104	104	1.0	3/8	3/8	6/8	1	1	1/4		1/4	1	-1	-4	80	Ab5	5	326
36	35	104	104	1.0	3/8	3/8	6/8	1	1	1/4		1/4	1	-1	-1	89	F6	6	326
36	35	104	104	1.0	3/8	3/8	6/8	1	1	1/4		1/4	1	-1	-4	92	Ab6	6	326
36	35	105	105	0.5	5/8	5/8	6/8	2	1	1/8		1/8	1		-4	56	Ab3	3	331
36	35	105	105	0.5	5/8	5/8	6/8	2	1	1/8		1/8	1		0	60	C4	4	331
36	35	105	105	0.5	5/8	5/8	6/8	2	1	1/8		1/8	1		-3	63	Eb4	4	331
36	35	105	105	0.5	5/8	5/8	6/8	2	1	1/8		1/8	1		-6	66	Gb4	4	331
36	35	105	105	0.5	5/8	5/8	6/8	1	1	1/8		1/8	1		-6	78	Gb5	5	327
36	35	105	105	0.5	5/8	5/8	6/8	1	1	1/8		1/8	1		-3	87	Eb6	6	327
36	35	105	105	0.5	5/8	5/8	6/8	1	1	1/8		1/8	1		-6	90	Gb6	6	327
37	36	211/2	211/2	0.0	0	0	6/8	1	1	0	grace16	1/16	1		-5	85	Db6	6	332
37	36	211/2	211/2	0.0	0	0	6/8	1	1	0	grace16	1/16	1		-1	89	F6	6	332
37	36	211/2	211/2	0.0	0	0	6/8	1	1	0	grace16	1/16	1	0	-1	77	F5	5	333
37	36	211/2	211/2	0.5	0	0	6/8	2	1	1/8		1/8	1		-5	49	Db3	3	337
37	36	211/2	211/2	1.0	0	0	6/8	1	1	1/4		1/4	1		-1	77	F5	5	334
37	36	211/2	211/2	1.0	0	0	6/8	1	1	1/4		1/4	1		-5	85	Db6	6	334
37	36	211/2	211/2	1.0	0	0	6/8	1	1	1/4		1/4	1		-1	89	F6	6	334
37	36	106	106	0.5	1/8	1/8	6/8	2	1	1/8		1/8	1		-4	56	Ab3	3	338
37	36	106	106	0.5	1/8	1/8	6/8	2	1	1/8		1/8	1		-5	61	Db4	4	338
37	36	106	106	0.5	1/8	1/8	6/8	2	1	1/8		1/8	1		-1	65	F4	4	338
37	36	213/2	213/2	0.5	1/4	1/4	6/8	1	1	1/8		1/8	1		-3	75	Eb5	5	335
37	36	213/2	213/2	0.5	1/4	1/4	6/8	1	1	1/8		1/8	1		-4	80	Ab5	5	335
37	36	213/2	213/2	0.5	1/4	1/4	6/8	1	1	1/8		1/8	1		-3	87	Eb6	6	335
37	36	107	107	0.5	3/8	3/8	6/8	2	1	1/8		1/8	1		-5	49	Db3	3	339
37	36	107	107	1.5	3/8	3/8	6/8	1	1	3/8		1/4	3/2		-3	75	Eb5	5	336
37	36	107	107	1.5	3/8	3/8	6/8	1	1	3/8		1/4	3/2		-4	80	Ab5	5	336
37	36	107	107	1.5	3/8	3/8	6/8	1	1	3/8		1/4	3/2		-3	87	Eb6	6	336
37	36	215/2	215/2	0.5	1/2	1/2	6/8	2	1	1/8		1/8	1		-4	56	Ab3	3	340
37	36	215/2	215/2	0.5	1/2	1/2	6/8	2	1	1/8		1/8	1		0	60	C4	4	340
37	36	215/2	215/2	0.5	1/2	1/2	6/8	2	1	1/8		1/8	1		-3	63	Eb4	4	340
37	36	215/2	215/2	0.5	1/2	1/2	6/8	2	1	1/8		1/8	1		-6	66	Gb4	4	340
38	37	217/2	217/2	0.0	0	0	6/8	1	1	0	grace16	1/16	1		-4	80	Ab5	5	341
38	37	217/2	217/2	0.0	0	0	6/8	1	1	0	grace16	1/16	1		-5	85	Db6	6	341
38	37	217/2	217/2	0.0	0	0	6/8	1	1	0	grace16	1/16	1	0	-5	73	Db5	5	342
38	37	217/2	217/2	0.5	0	0	6/8	2	1	1/8		1/8	1		-5	37	Db2	2	346
38	37	217/2	217/2	0.5	0	0	6/8	2	1	1/8		1/8	1		-5	49	Db3	3	346
38	37	217/2	217/2	1.5	0	0	6/8	1	1	3/8		1/4	3/2	1	-5	73	Db5	5	343
38	37	217/2	217/2	1.5	0	0	6/8	1	1	3/8		1/4	3/2	1	-4	80	Ab5	5	343
38	37	217/2	217/2	1.5	0	0	6/8	1	1	3/8		1/4	3/2	1	-5	85	Db6	6	343
38	37	109	109	0.5	1/8	1/8	6/8	2	1	1/8		1/8	1		-4	56	Ab3	3	347
38	37	109	109	0.5	1/8	1/8	6/8	2	1	1/8		1/8	1		-5	61	Db4	4	347
38	37	109	109	0.5	1/8	1/8	6/8	2	1	1/8		1/8	1		-1	65	F4	4	347
38	37	219/2	219/2	0.5	1/4	1/4	6/8	2	1	1/8		1/8	1		-4	56	Ab3	3	348
38	37	219/2	219/2	0.5	1/4	1/4	6/8	2	1	1/8		1/8	1		-5	61	Db4	4	348
38	37	219/2	219/2	0.5	1/4	1/4	6/8	2	1	1/8		1/8	1		-1	65	F4	4	348
38	37	110	110	1.0	3/8	3/8	6/8	1	1	1/4		1/4	1	-1	-5	73	Db5	5	344
38	37	110	110	1.0	3/8	3/8	6/8	1	1	1/4		1/4	1	-1	-4	80	Ab5	5	344
38	37	110	110	1.0	3/8	3/8	6/8	1	1	1/4		1/4	1	-1	-5	85	Db6	6	344
38	37	111	111	0.5	5/8	5/8	6/8	2	1	1/8		1/8	1		-4	56	Ab3	3	349
38	37	111	111	0.5	5/8	5/8	6/8	2	1	1/8		1/8	1		-5	61	Db4	4	349
38	37	111	111	0.5	5/8	5/8	6/8	2	1	1/8		1/8	1		-1	65	F4	4	349
38	37	111	111	0.5	5/8	5/8	6/8	1	1	1/8		1/8	1		-5	73	Db5	5	345
38	37	111	111	0.5	5/8	5/8	6/8	1	1	1/8		1/8	1		-4	80	Ab5	5	345
38	37	111	111	0.5	5/8	5/8	6/8	1	1	1/8		1/8	1		-5	85	Db6	6	345
39	38	223/2	223/2	0.0	0	0	6/8	1	1	0	grace16	1/16	1		-4	80	Ab5	5	350
39	38	223/2	223/2	0.0	0	0	6/8	1	1	0	grace16	1/16	1		-3	87	Eb6	6	350
39	38	223/2	223/2	0.0	0	0	6/8	1	1	0	grace16	1/16	1	0	-3	75	Eb5	5	351
39	38	223/2	223/2	0.5	0	0	6/8	2	1	1/8		1/8	1		-5	49	Db3	3	358
39	38	223/2	223/2	1.0	0	0	6/8	1	1	1/4		1/4	1		-3	75	Eb5	5	352
39	38	223/2	223/2	1.0	0	0	6/8	1	1	1/4		1/4	1		-4	80	Ab5	5	352
39	38	223/2	223/2	1.0	0	0	6/8	1	1	1/4		1/4	1		-3	87	Eb6	6	352
39	38	112	112	0.5	1/8	1/8	6/8	2	1	1/8		1/8	1		-4	56	Ab3	3	359
39	38	112	112	0.5	1/8	1/8	6/8	2	1	1/8		1/8	1		0	60	C4	4	359
39	38	112	112	0.5	1/8	1/8	6/8	2	1	1/8		1/8	1		-3	63	Eb4	4	359
39	38	112	112	0.5	1/8	1/8	6/8	2	1	1/8		1/8	1		-6	66	Gb4	4	359
39	38	225/2	225/2	0.5	1/4	1/4	6/8	2	1	1/8		1/8	1		-4	56	Ab3	3	360
39	38	225/2	225/2	0.5	1/4	1/4	6/8	2	1	1/8		1/8	1		0	60	C4	4	360
39	38	225/2	225/2	0.5	1/4	1/4	6/8	2	1	1/8		1/8	1		-1	65	F4	4	360
39	38	225/2	225/2	0.5	1/4	1/4	6/8	2	1	1/8		1/8	1		-4	68	Ab4	4	360
39	38	225/2	225/2	0.5	1/4	1/4	6/8	1	1	1/8		1/8	1		-1	77	F5	5	353
39	38	225/2	225/2	0.5	1/4	1/4	6/8	1	1	1/8		1/8	1		-4	80	Ab5	5	353
39	38	225/2	225/2	0.5	1/4	1/4	6/8	1	1	1/8		1/8	1		-1	89	F6	6	353
39	38	113	113	0.0	3/8	3/8	6/8	1	1	0	grace16	1/16	1		-4	80	Ab5	5	354
39	38	113	113	0.0	3/8	3/8	6/8	1	1	0	grace16	1/16	1		-3	87	Eb6	6	354
39	38	113	113	0.0	3/8	3/8	6/8	1	1	0	grace16	1/16	1	0	-3	75	Eb5	5	355
39	38	113	113	1.0	3/8	3/8	6/8	1	1	1/4		1/4	1		-3	75	Eb5	5	356
39	38	113	113	1.0	3/8	3/8	6/8	1	1	1/4		1/4	1		-4	80	Ab5	5	356
39	38	113	113	1.0	3/8	3/8	6/8	1	1	1/4		1/4	1		-3	87	Eb6	6	356
39	38	227/2	227/2	0.5	1/2	1/2	6/8	2	1	1/8		1/8	1		-4	56	Ab3	3	361
39	38	227/2	227/2	0.5	1/2	1/2	6/8	2	1	1/8		1/8	1		0	60	C4	4	361
39	38	227/2	227/2	0.5	1/2	1/2	6/8	2	1	1/8		1/8	1		-3	63	Eb4	4	361
39	38	227/2	227/2	0.5	1/2	1/2	6/8	2	1	1/8		1/8	1		-6	66	Gb4	4	361
39	38	114	114	0.5	5/8	5/8	6/8	2	1	1/8		1/8	1		-4	56	Ab3	3	362
39	38	114	114	0.5	5/8	5/8	6/8	2	1	1/8		1/8	1		-5	61	Db4	4	362
39	38	114	114	0.5	5/8	5/8	6/8	2	1	1/8		1/8	1		-1	65	F4	4	362
39	38	114	114	0.5	5/8	5/8	6/8	1	1	1/8		1/8	1		-5	73	Db5	5	357
39	38	114	114	0.5	5/8	5/8	6/8	1	1	1/8		1/8	1		-4	80	Ab5	5	357
39	38	114	114	0.5	5/8	5/8	6/8	1	1	1/8		1/8	1		-5	85	Db6	6	357
40	39	229/2	229/2	0.0	0	0	6/8	1	1	0	grace16	1/16	1		-4	80	Ab5	5	363
40	39	229/2	229/2	0.0	0	0	6/8	1	1	0	grace16	1/16	1		-3	87	Eb6	6	363
40	39	229/2	229/2	0.0	0	0	6/8	1	1	0	grace16	1/16	1	0	-3	75	Eb5	5	364
40	39	229/2	229/2	0.5	0	0	6/8	2	1	1/8		1/8	1		-5	49	Db3	3	366
40	39	229/2	229/2	3.0	0	0	6/8	1	1	3/4		1/2	3/2	1	-3	75	Eb5	5	365
40	39	229/2	229/2	3.0	0	0	6/8	1	1	3/4		1/2	3/2	1	-4	80	Ab5	5	365
40	39	229/2	229/2	3.0	0	0	6/8	1	1	3/4		1/2	3/2	1	-3	87	Eb6	6	365
40	39	115	115	0.5	1/8	1/8	6/8	2	1	1/8		1/8	1		-4	56	Ab3	3	367
40	39	115	115	0.5	1/8	1/8	6/8	2	1	1/8		1/8	1		0	60	C4	4	367
40	39	115	115	0.5	1/8	1/8	6/8	2	1	1/8		1/8	1		-3	63	Eb4	4	367
40	39	115	115	0.5	1/8	1/8	6/8	2	1	1/8		1/8	1		-6	66	Gb4	4	367
40	39	117	117	0.5	5/8	5/8	6/8	2	1	1/8		1/8	1		-4	56	Ab3	3	368
40	39	117	117	0.5	5/8	5/8	6/8	2	1	1/8		1/8	1		0	60	C4	4	368
40	39	117	117	0.5	5/8	5/8	6/8	2	1	1/8		1/8	1		-3	63	Eb4	4	368
40	39	117	117	0.5	5/8	5/8	6/8	2	1	1/8		1/8	1		-4	68	Ab4	4	368
41	40	235/2	235/2	0.5	0	0	6/8	2	1	1/8		1/8	1		-4	56	Ab3	3	371
41	40	235/2	235/2	0.5	0	0	6/8	2	1	1/8		1/8	1		0	60	C4	4	371
41	40	235/2	235/2	0.5	0	0	6/8	2	1	1/8		1/8	1		-3	63	Eb4	4	371
41	40	235/2	235/2	0.5	0	0	6/8	2	1	1/8		1/8	1		-6	66	Gb4	4	371
41	40	235/2	235/2	1.5	0	0	6/8	1	1	3/8		1/4	3/2	-1	-3	75	Eb5	5	369
41	40	235/2	235/2	1.5	0	0	6/8	1	1	3/8		1/4	3/2	-1	-4	80	Ab5	5	369
41	40	235/2	235/2	1.5	0	0	6/8	1	1	3/8		1/4	3/2	-1	-3	87	Eb6	6	369
41	40	237/2	237/2	0.5	1/4	1/4	6/8	2	1	1/8		1/8	1		-4	56	Ab3	3	372
41	40	237/2	237/2	0.5	1/4	1/4	6/8	2	1	1/8		1/8	1		0	60	C4	4	372
41	40	237/2	237/2	0.5	1/4	1/4	6/8	2	1	1/8		1/8	1		-1	65	F4	4	372
41	40	119	119	0.5	3/8	3/8	6/8	2	1	1/8		1/8	1		-4	56	Ab3	3	373
41	40	119	119	0.5	3/8	3/8	6/8	2	1	1/8		1/8	1		0	60	C4	4	373
41	40	119	119	0.5	3/8	3/8	6/8	2	1	1/8		1/8	1		-1	65	F4	4	373
41	40	120	120	0.5	5/8	5/8	6/8	2	1	1/8		1/8	1		-4	56	Ab3	3	374
41	40	120	120	0.5	5/8	5/8	6/8	2	1	1/8		1/8	1		0	60	C4	4	374
41	40	120	120	0.5	5/8	5/8	6/8	2	1	1/8		1/8	1		-3	63	Eb4	4	374
41	40	120	120	0.5	5/8	5/8	6/8	1	1	1/8		1/8	1		-4	80	Ab5	5	370
42	41	241/2	241/2	0.0	0	0	6/8	1	1	0	grace16	1/16	1		-1	89	F6	6	375
42	41	241/2	241/2	0.0	0	0	6/8	1	1	0	grace16	1/16	1		-4	92	Ab6	6	375
42	41	241/2	241/2	0.0	0	0	6/8	1	1	0	grace16	1/16	1	0	-4	80	Ab5	5	376
42	41	241/2	241/2	0.5	0	0	6/8	2	1	1/8		1/8	1		-5	37	Db2	2	380
42	41	241/2	241/2	0.5	0	0	6/8	2	1	1/8		1/8	1		-5	49	Db3	3	380
42	41	241/2	241/2	1.5	0	0	6/8	1	1	3/8		1/4	3/2	1	-4	80	Ab5	5	377
42	41	241/2	241/2	1.5	0	0	6/8	1	1	3/8		1/4	3/2	1	-1	89	F6	6	377
42	41	241/2	241/2	1.5	0	0	6/8	1	1	3/8		1/4	3/2	1	-4	92	Ab6	6	377
42	41	121	121	0.5	1/8	1/8	6/8	2	1	1/8		1/8	1		-4	56	Ab3	3	381
42	41	121	121	0.5	1/8	1/8	6/8	2	1	1/8		1/8	1		-5	61	Db4	4	381
42	41	121	121	0.5	1/8	1/8	6/8	2	1	1/8		1/8	1		-1	65	F4	4	381
42	41	243/2	243/2	0.5	1/4	1/4	6/8	2	1	1/8		1/8	1		-4	56	Ab3	3	382
42	41	243/2	243/2	0.5	1/4	1/4	6/8	2	1	1/8		1/8	1		-5	61	Db4	4	382
42	41	243/2	243/2	0.5	1/4	1/4	6/8	2	1	1/8		1/8	1		-1	65	F4	4	382
42	41	122	122	1.0	3/8	3/8	6/8	1	1	1/4		1/4	1	-1	-4	80	Ab5	5	378
42	41	122	122	1.0	3/8	3/8	6/8	1	1	1/4		1/4	1	-1	-1	89	F6	6	378
42	41	122	122	1.0	3/8	3/8	6/8	1	1	1/4		1/4	1	-1	-4	92	Ab6	6	378
42	41	123	123	0.5	5/8	5/8	6/8	2	1	1/8		1/8	1		-4	56	Ab3	3	383
42	41	123	123	0.5	5/8	5/8	6/8	2	1	1/8		1/8	1		0	60	C4	4	383
42	41	123	123	0.5	5/8	5/8	6/8	2	1	1/8		1/8	1		-3	63	Eb4	4	383
42	41	123	123	0.5	5/8	5/8	6/8	2	1	1/8		1/8	1		-6	66	Gb4	4	383
42	41	123	123	0.5	5/8	5/8	6/8	1	1	1/8		1/8	1		-6	78	Gb5	5	379
42	41	123	123	0.5	5/8	5/8	6/8	1	1	1/8		1/8	1		-3	87	Eb6	6	379
42	41	123	123	0.5	5/8	5/8	6/8	1	1	1/8		1/8	1		-6	90	Gb6	6	379
43	42	247/2	247/2	0.0	0	0	6/8	1	1	0	grace16	1/16	1		-5	85	Db6	6	384
43	42	247/2	247/2	0.0	0	0	6/8	1	1	0	grace16	1/16	1		-1	89	F6	6	384
43	42	247/2	247/2	0.0	0	0	6/8	1	1	0	grace16	1/16	1	0	-1	77	F5	5	385
43	42	247/2	247/2	0.5	0	0	6/8	2	1	1/8		1/8	1		-5	49	Db3	3	389
43	42	247/2	247/2	1.0	0	0	6/8	1	1	1/4		1/4	1		-1	77	F5	5	386
43	42	247/2	247/2	1.0	0	0	6/8	1	1	1/4		1/4	1		-5	85	Db6	6	386
43	42	247/2	247/2	1.0	0	0	6/8	1	1	1/4		1/4	1		-1	89	F6	6	386
43	42	124	124	0.5	1/8	1/8	6/8	2	1	1/8		1/8	1		-4	56	Ab3	3	390
43	42	124	124	0.5	1/8	1/8	6/8	2	1	1/8		1/8	1		-5	61	Db4	4	390
43	42	124	124	0.5	1/8	1/8	6/8	2	1	1/8		1/8	1		-1	65	F4	4	390
43	42	249/2	249/2	0.5	1/4	1/4	6/8	1	1	1/8		1/8	1		-3	75	Eb5	5	387
43	42	249/2	249/2	0.5	1/4	1/4	6/8	1	1	1/8		1/8	1		-4	80	Ab5	5	387
43	42	249/2	249/2	0.5	1/4	1/4	6/8	1	1	1/8		1/8	1		-3	87	Eb6	6	387
43	42	125	125	1.5	3/8	3/8	6/8	1	1	3/8		1/4	3/2		-3	75	Eb5	5	388
43	42	125	125	1.5	3/8	3/8	6/8	1	1	3/8		1/4	3/2		-4	80	Ab5	5	388
43	42	125	125	1.5	3/8	3/8	6/8	1	1	3/8		1/4	3/2		-3	87	Eb6	6	388
43	42	251/2	251/2	0.5	1/2	1/2	6/8	2	1	1/8		1/8	1		-4	56	Ab3	3	391
43	42	251/2	251/2	0.5	1/2	1/2	6/8	2	1	1/8		1/8	1		0	60	C4	4	391
43	42	251/2	251/2	0.5	1/2	1/2	6/8	2	1	1/8		1/8	1		-3	63	Eb4	4	391
43	42	251/2	251/2	0.5	1/2	1/2	6/8	2	1	1/8		1/8	1		-6	66	Gb4	4	391
44	43	253/2	253/2	0.0	0	0	6/8	1	1	0	grace16	1/16	1		-4	80	Ab5	5	392
44	43	253/2	253/2	0.0	0	0	6/8	1	1	0	grace16	1/16	1		-5	85	Db6	6	392
44	43	253/2	253/2	0.0	0	0	6/8	1	1	0	grace16	1/16	1	0	-5	73	Db5	5	393
44	43	253/2	253/2	0.5	0	0	6/8	2	1	1/8		1/8	1		-5	49	Db3	3	397
44	43	253/2	253/2	1.5	0	0	6/8	1	1	3/8		1/4	3/2	1	-5	73	Db5	5	394
44	43	253/2	253/2	1.5	0	0	6/8	1	1	3/8		1/4	3/2	1	-4	80	Ab5	5	394
44	43	253/2	253/2	1.5	0	0	6/8	1	1	3/8		1/4	3/2	1	-5	85	Db6	6	394
44	43	127	127	0.5	1/8	1/8	6/8	2	1	1/8		1/8	1		-4	56	Ab3	3	398
44	43	127	127	0.5	1/8	1/8	6/8	2	1	1/8		1/8	1		-5	61	Db4	4	398
44	43	127	127	0.5	1/8	1/8	6/8	2	1	1/8		1/8	1		-1	65	F4	4	398
44	43	255/2	255/2	0.5	1/4	1/4	6/8	2	1	1/8		1/8	1		-4	56	Ab3	3	399
44	43	255/2	255/2	0.5	1/4	1/4	6/8	2	1	1/8		1/8	1		-5	61	Db4	4	399
44	43	255/2	255/2	0.5	1/4	1/4	6/8	2	1	1/8		1/8	1		-1	65	F4	4	399
44	43	128	128	1.0	3/8	3/8	6/8	1	1	1/4		1/4	1	-1	-5	73	Db5	5	395
44	43	128	128	1.0	3/8	3/8	6/8	1	1	1/4		1/4	1	-1	-4	80	Ab5	5	395
44	43	128	128	1.0	3/8	3/8	6/8	1	1	1/4		1/4	1	-1	-5	85	Db6	6	395
44	43	129	129	0.5	5/8	5/8	6/8	2	1	1/8		1/8	1		-4	56	Ab3	3	400
44	43	129	129	0.5	5/8	5/8	6/8	2	1	1/8		1/8	1		-5	61	Db4	4	400
44	43	129	129	0.5	5/8	5/8	6/8	2	1	1/8		1/8	1		-1	65	F4	4	400
44	43	129	129	0.5	5/8	5/8	6/8	1	1	1/8		1/8	1		-5	73	Db5	5	396
44	43	129	129	0.5	5/8	5/8	6/8	1	1	1/8		1/8	1		-4	80	Ab5	5	396
44	43	129	129	0.5	5/8	5/8	6/8	1	1	1/8		1/8	1		-5	85	Db6	6	396
45	44	259/2	259/2	0.0	0	0	6/8	1	1	0	grace16	1/16	1		-4	80	Ab5	5	401
45	44	259/2	259/2	0.0	0	0	6/8	1	1	0	grace16	1/16	1		-3	87	Eb6	6	401
45	44	259/2	259/2	0.0	0	0	6/8	1	1	0	grace16	1/16	1	0	-3	75	Eb5	5	402
45	44	259/2	259/2	0.5	0	0	6/8	2	1	1/8		1/8	1		-5	49	Db3	3	407
45	44	259/2	259/2	1.0	0	0	6/8	1	1	1/4		1/4	1		-3	75	Eb5	5	403
45	44	259/2	259/2	1.0	0	0	6/8	1	1	1/4		1/4	1		-4	80	Ab5	5	403
45	44	259/2	259/2	1.0	0	0	6/8	1	1	1/4		1/4	1		-3	87	Eb6	6	403
45	44	130	130	0.5	1/8	1/8	6/8	2	1	1/8		1/8	1		-4	56	Ab3	3	408
45	44	130	130	0.5	1/8	1/8	6/8	2	1	1/8		1/8	1		0	60	C4	4	408
45	44	130	130	0.5	1/8	1/8	6/8	2	1	1/8		1/8	1		-3	63	Eb4	4	408
45	44	130	130	0.5	1/8	1/8	6/8	2	1	1/8		1/8	1		-6	66	Gb4	4	408
45	44	261/2	261/2	0.5	1/4	1/4	6/8	1	1	1/8		1/8	1		-1	77	F5	5	404
45	44	261/2	261/2	0.5	1/4	1/4	6/8	1	1	1/8		1/8	1		-4	80	Ab5	5	404
45	44	261/2	261/2	0.5	1/4	1/4	6/8	1	1	1/8		1/8	1		-1	89	F6	6	404
45	44	131	131	1.0	3/8	3/8	6/8	1	1	1/4		1/4	1		-3	75	Eb5	5	405
45	44	131	131	1.0	3/8	3/8	6/8	1	1	1/4		1/4	1		-4	80	Ab5	5	405
45	44	131	131	1.0	3/8	3/8	6/8	1	1	1/4		1/4	1		-3	87	Eb6	6	405
45	44	263/2	263/2	0.5	1/2	1/2	6/8	2	1	1/8		1/8	1		-4	56	Ab3	3	409
45	44	263/2	263/2	0.5	1/2	1/2	6/8	2	1	1/8		1/8	1		0	60	C4	4	409
45	44	263/2	263/2	0.5	1/2	1/2	6/8	2	1	1/8		1/8	1		-3	63	Eb4	4	409
45	44	263/2	263/2	0.5	1/2	1/2	6/8	2	1	1/8		1/8	1		-6	66	Gb4	4	409
45	44	132	132	0.5	5/8	5/8	6/8	1	1	1/8		1/8	1		-4	68	Ab4	4	406
45	44	132	132	0.5	5/8	5/8	6/8	1	1	1/8		1/8	1		-4	80	Ab5	5	406
46	45	265/2	265/2	0.0	0	0	6/8	1	1	0	grace16	1/16	1		-4	80	Ab5	5	410
46	45	265/2	265/2	0.0	0	0	6/8	1	1	0	grace16	1/16	1		-5	85	Db6	6	410
46	45	265/2	265/2	0.0	0	0	6/8	1	1	0	grace16	1/16	1	0	-5	73	Db5	5	411
46	45	265/2	265/2	0.5	0	0	6/8	2	1	1/8		1/8	1		-5	49	Db3	3	413
46	45	265/2	265/2	3.0	0	0	6/8	1	1	3/4		1/2	3/2	1	-5	73	Db5	5	412
46	45	265/2	265/2	3.0	0	0	6/8	1	1	3/4		1/2	3/2	1	-4	80	Ab5	5	412
46	45	265/2	265/2	3.0	0	0	6/8	1	1	3/4		1/2	3/2	1	-5	85	Db6	6	412
46	45	133	133	0.5	1/8	1/8	6/8	2	1	1/8		1/8	1		-4	56	Ab3	3	414
46	45	133	133	0.5	1/8	1/8	6/8	2	1	1/8		1/8	1		-5	61	Db4	4	414
46	45	133	133	0.5	1/8	1/8	6/8	2	1	1/8		1/8	1		-1	65	F4	4	414
46	45	267/2	267/2	0.5	1/4	1/4	6/8	2	1	1/8		1/8	1		-4	56	Ab3	3	415
46	45	267/2	267/2	0.5	1/4	1/4	6/8	2	1	1/8		1/8	1		-5	61	Db4	4	415
46	45	267/2	267/2	0.5	1/4	1/4	6/8	2	1	1/8		1/8	1		-1	65	F4	4	415
46	45	135	135	0.5	5/8	5/8	6/8	2	1	1/8		1/8	1		-4	56	Ab3	3	416
46	45	135	135	0.5	5/8	5/8	6/8	2	1	1/8		1/8	1		-5	61	Db4	4	416
46	45	135	135	0.5	5/8	5/8	6/8	2	1	1/8		1/8	1		-1	65	F4	4	416
47	46	271/2	271/2	3.0	0	0	6/8	1	1	3/4		1/2	3/2	-1	-5	73	Db5	5	417
47	46	271/2	271/2	3.0	0	0	6/8	1	1	3/4		1/2	3/2	-1	-4	80	Ab5	5	417
47	46	271/2	271/2	3.0	0	0	6/8	1	1	3/4		1/2	3/2	-1	-5	85	Db6	6	417
47	46	273/2	273/2	0.5	1/4	1/4	6/8	2	1	1/8		1/8	1		-4	56	Ab3	3	418
47	46	273/2	273/2	0.5	1/4	1/4	6/8	2	1	1/8		1/8	1		-5	61	Db4	4	418
47	46	273/2	273/2	0.5	1/4	1/4	6/8	2	1	1/8		1/8	1		-1	65	F4	4	418
47	46	138	138	0.5	5/8	5/8	6/8	2	1	1/8		1/8	1		-4	56	Ab3	3	419
47	46	138	138	0.5	5/8	5/8	6/8	2	1	1/8		1/8	1		-5	61	Db4	4	419
47	46	138	138	0.5	5/8	5/8	6/8	2	1	1/8		1/8	1		-1	65	F4	4	419
48	47	277/2	277/2	0.0	0	0	6/8	1	1	0	grace16	1/16	1		-4	80	Ab5	5	420
48	47	277/2	277/2	0.0	0	0	6/8	1	1	0	grace16	1/16	1		-5	85	Db6	6	420
48	47	277/2	277/2	0.0	0	0	6/8	1	1	0	grace16	1/16	1	0	-5	73	Db5	5	421
48	47	277/2	277/2	0.5	0	0	6/8	2	1	1/8		1/8	1		-5	49	Db3	3	424
48	47	277/2	277/2	1.5	0	0	6/8	1	1	3/8		1/4	3/2	1	-5	73	Db5	5	422
48	47	277/2	277/2	1.5	0	0	6/8	1	1	3/8		1/4	3/2	1	-4	80	Ab5	5	422
48	47	277/2	277/2	1.5	0	0	6/8	1	1	3/8		1/4	3/2	1	-5	85	Db6	6	422
48	47	140	140	1.0	3/8	3/8	6/8	2	1	1/4		1/4	1		-4	56	Ab3	3	425
48	47	140	140	1.0	3/8	3/8	6/8	2	1	1/4		1/4	1		-5	61	Db4	4	425
48	47	140	140	1.0	3/8	3/8	6/8	2	1	1/4		1/4	1		-1	65	F4	4	425
48	47	140	140	1.0	3/8	3/8	6/8	1	1	1/4		1/4	1	-1	-5	73	Db5	5	423
48	47	140	140	1.0	3/8	3/8	6/8	1	1	1/4		1/4	1	-1	-4	80	Ab5	5	423
48	47	140	140	1.0	3/8	3/8	6/8	1	1	1/4		1/4	1	-1	-5	85	Db6	6	423
49	47	141	141	0.5	0	5/8	6/8	1	1	1/8		1/8	1		8	56	G#3	3	426
49	47	141	141	0.5	0	5/8	6/8	1	1	1/8		1/8	1		8	68	G#4	4	426
50	48	283/2	283/2	0.25	0	0	6/8	2	1	1/16		1/16	1		7	37	C#2	2	431
50	48	283/2	283/2	1.0	0	0	6/8	1	1	1/4		1/4	1		7	61	C#4	4	427
50	48	283/2	283/2	1.0	0	0	6/8	1	1	1/4		1/4	1		7	73	C#5	5	427
50	48	567/4	567/4	0.25	1/16	1/16	6/8	2	1	1/16		1/16	1		8	44	G#2	2	432
50	48	142	142	0.25	1/8	1/8	6/8	2	1	1/16		1/16	1		7	49	C#3	3	433
50	48	569/4	569/4	0.25	3/16	3/16	6/8	2	1	1/16		1/16	1		4	52	E3	3	434
50	48	285/2	285/2	0.25	1/4	1/4	6/8	2	1	1/16		1/16	1		7	49	C#3	3	435
50	48	285/2	285/2	0.5	1/4	1/4	6/8	1	1	1/8		1/8	1		9	63	D#4	4	428
50	48	285/2	285/2	0.5	1/4	1/4	6/8	1	1	1/8		1/8	1		9	75	D#5	5	428
50	48	571/4	571/4	0.25	5/16	5/16	6/8	2	1	1/16		1/16	1		4	52	E3	3	436
50	48	143	143	0.25	3/8	3/8	6/8	2	1	1/16		1/16	1		7	49	C#3	3	437
50	48	143	143	1.0	3/8	3/8	6/8	1	1	1/4		1/4	1		4	64	E4	4	429
50	48	143	143	1.0	3/8	3/8	6/8	1	1	1/4		1/4	1		4	76	E5	5	429
50	48	573/4	573/4	0.25	7/16	7/16	6/8	2	1	1/16		1/16	1		4	52	E3	3	438
50	48	287/2	287/2	0.25	1/2	1/2	6/8	2	1	1/16		1/16	1		7	49	C#3	3	439
50	48	575/4	575/4	0.25	9/16	9/16	6/8	2	1	1/16		1/16	1		4	52	E3	3	440
50	48	144	144	0.25	5/8	5/8	6/8	2	1	1/16		1/16	1		7	49	C#3	3	441
50	48	144	144	0.5	5/8	5/8	6/8	1	1	1/8		1/8	1		6	66	F#4	4	430
50	48	144	144	0.5	5/8	5/8	6/8	1	1	1/8		1/8	1		6	78	F#5	5	430
50	48	577/4	577/4	0.25	11/16	11/16	6/8	2	1	1/16		1/16	1		8	44	G#2	2	442
51	49	289/2	289/2	0.25	0	0	6/8	2	1	1/16		1/16	1		7	37	C#2	2	447
51	49	289/2	289/2	1.0	0	0	6/8	1	1	1/4		1/4	1		8	68	G#4	4	443
51	49	289/2	289/2	1.0	0	0	6/8	1	1	1/4		1/4	1		8	80	G#5	5	443
51	49	579/4	579/4	0.25	1/16	1/16	6/8	2	1	1/16		1/16	1		8	44	G#2	2	448
51	49	145	145	0.25	1/8	1/8	6/8	2	1	1/16		1/16	1		7	49	C#3	3	449
51	49	581/4	581/4	0.25	3/16	3/16	6/8	2	1	1/16		1/16	1		4	52	E3	3	450
51	49	291/2	291/2	0.25	1/4	1/4	6/8	2	1	1/16		1/16	1		7	49	C#3	3	451
51	49	291/2	291/2	0.5	1/4	1/4	6/8	1	1	1/8		1/8	1		3	69	A4	4	444
51	49	291/2	291/2	0.5	1/4	1/4	6/8	1	1	1/8		1/8	1		3	81	A5	5	444
51	49	583/4	583/4	0.25	5/16	5/16	6/8	2	1	1/16		1/16	1		8	44	G#2	2	452
51	49	146	146	0.25	3/8	3/8	6/8	2	1	1/16		1/16	1		5	35	B1	1	453
51	49	146	146	0.25	3/8	3/8	6/8	2	1	1/16		1/16	1		5	47	B2	2	453
51	49	146	146	1.0	3/8	3/8	6/8	1	1	1/4		1/4	1		5	71	B4	4	445
51	49	146	146	1.0	3/8	3/8	6/8	1	1	1/4		1/4	1		5	83	B5	5	445
51	49	585/4	585/4	0.25	7/16	7/16	6/8	2	1	1/16		1/16	1		9	51	D#3	3	454
51	49	293/2	293/2	0.25	1/2	1/2	6/8	2	1	1/16		1/16	1		6	54	F#3	3	455
51	49	587/4	587/4	0.25	9/16	9/16	6/8	2	1	1/16		1/16	1		3	57	A3	3	456
51	49	147	147	0.25	5/8	5/8	6/8	2	1	1/16		1/16	1		6	54	F#3	3	457
51	49	147	147	0.5	5/8	5/8	6/8	1	1	1/8		1/8	1		3	69	A4	4	446
51	49	147	147	0.5	5/8	5/8	6/8	1	1	1/8		1/8	1		3	81	A5	5	446
51	49	589/4	589/4	0.25	11/16	11/16	6/8	2	1	1/16		1/16	1		9	51	D#3	3	458
52	50	295/2	295/2	0.25	0	0	6/8	2	1	1/16		1/16	1		4	40	E2	2	463
52	50	295/2	295/2	1.0	0	0	6/8	1	1	1/4		1/4	1		8	68	G#4	4	459
52	50	295/2	295/2	1.0	0	0	6/8	1	1	1/4		1/4	1		8	80	G#5	5	459
52	50	591/4	591/4	0.25	1/16	1/16	6/8	2	1	1/16		1/16	1		5	47	B2	2	464
52	50	148	148	0.25	1/8	1/8	6/8	2	1	1/16		1/16	1		4	52	E3	3	465
52	50	593/4	593/4	0.25	3/16	3/16	6/8	2	1	1/16		1/16	1		8	56	G#3	3	466
52	50	297/2	297/2	0.25	1/4	1/4	6/8	2	1	1/16		1/16	1		4	52	E3	3	467
52	50	297/2	297/2	0.5	1/4	1/4	6/8	1	1	1/8		1/8	1		6	66	F#4	4	460
52	50	297/2	297/2	0.5	1/4	1/4	6/8	1	1	1/8		1/8	1		6	78	F#5	5	460
52	50	595/4	595/4	0.25	5/16	5/16	6/8	2	1	1/16		1/16	1		5	47	B2	2	468
52	50	149	149	0.25	3/8	3/8	6/8	2	1	1/16		1/16	1		6	42	F#2	2	469
52	50	149	149	1.0	3/8	3/8	6/8	1	1	1/4		1/4	1		4	64	E4	4	461
52	50	149	149	1.0	3/8	3/8	6/8	1	1	1/4		1/4	1		4	76	E5	5	461
52	50	597/4	597/4	0.25	7/16	7/16	6/8	2	1	1/16		1/16	1		9	51	D#3	3	470
52	50	299/2	299/2	0.25	1/2	1/2	6/8	2	1	1/16		1/16	1		6	54	F#3	3	471
52	50	599/4	599/4	0.25	9/16	9/16	6/8	2	1	1/16		1/16	1		3	57	A3	3	472
52	50	150	150	0.25	5/8	5/8	6/8	2	1	1/16		1/16	1		6	54	F#3	3	473
52	50	150	150	0.5	5/8	5/8	6/8	1	1	1/8		1/8	1		9	63	D#4	4	462
52	50	150	150	0.5	5/8	5/8	6/8	1	1	1/8		1/8	1		9	75	D#5	5	462
52	50	601/4	601/4	0.25	11/16	11/16	6/8	2	1	1/16		1/16	1		9	51	D#3	3	474
53	51	301/2	301/2	0.25	0	0	6/8	2	1	1/16		1/16	1		8	44	G#2	2	479
53	51	301/2	301/2	1.0	0	0	6/8	1	1	1/4		1/4	1		7	61	C#4	4	475
53	51	301/2	301/2	1.0	0	0	6/8	1	1	1/4		1/4	1		7	73	C#5	5	475
53	51	603/4	603/4	0.25	1/16	1/16	6/8	2	1	1/16		1/16	1		7	49	C#3	3	480
53	51	151	151	0.25	1/8	1/8	6/8	2	1	1/16		1/16	1		4	52	E3	3	481
53	51	605/4	605/4	0.25	3/16	3/16	6/8	2	1	1/16		1/16	1		8	56	G#3	3	482
53	51	303/2	303/2	0.25	1/4	1/4	6/8	2	1	1/16		1/16	1		4	52	E3	3	483
53	51	303/2	303/2	0.5	1/4	1/4	6/8	1	1	1/8		1/8	1		9	63	D#4	4	476
53	51	303/2	303/2	0.5	1/4	1/4	6/8	1	1	1/8		1/8	1		9	75	D#5	5	476
53	51	607/4	607/4	0.25	5/16	5/16	6/8	2	1	1/16		1/16	1		7	49	C#3	3	484
53	51	152	152	0.25	3/8	3/8	6/8	2	1	1/16		1/16	1		8	44	G#2	2	485
53	51	152	152	1.0	3/8	3/8	6/8	1	1	1/4		1/4	1		4	64	E4	4	477
53	51	152	152	1.0	3/8	3/8	6/8	1	1	1/4		1/4	1		4	76	E5	5	477
53	51	609/4	609/4	0.25	7/16	7/16	6/8	2	1	1/16		1/16	1		9	51	D#3	3	486
53	51	305/2	305/2	0.25	1/2	1/2	6/8	2	1	1/16		1/16	1		6	54	F#3	3	487
53	51	611/4	611/4	0.25	9/16	9/16	6/8	2	1	1/16		1/16	1		8	56	G#3	3	488
53	51	153	153	0.25	5/8	5/8	6/8	2	1	1/16		1/16	1		6	54	F#3	3	489
53	51	153	153	0.5	5/8	5/8	6/8	1	1	1/8		1/8	1		12	60	B#3	3	478
53	51	153	153	0.5	5/8	5/8	6/8	1	1	1/8		1/8	1		12	72	B#4	4	478
53	51	613/4	613/4	0.25	11/16	11/16	6/8	2	1	1/16		1/16	1		9	51	D#3	3	490
54	52	307/2	307/2	0.5	0	0	6/8	2	1	1/8		1/8	1		7	37	C#2	2	493
54	52	307/2	307/2	0.5	0	0	6/8	2	1	1/8		1/8	1		7	49	C#3	3	493
54	52	307/2	307/2	0.5	0	0	6/8	1	1	1/8		1/8	1		7	61	C#4	4	491
54	52	307/2	307/2	0.5	0	0	6/8	1	1	1/8		1/8	1		7	73	C#5	5	491
54	52	155	155	0.5	3/8	3/8	6/8	2	1	1/8		1/8	1		7	61	C#4	4	494
54	52	155	155	0.5	3/8	3/8	6/8	2	1	1/8		1/8	1		4	64	E4	4	494
54	52	155	155	0.5	3/8	3/8	6/8	2	1	1/8		1/8	1		8	68	G#4	4	494
54	52	155	155	0.5	3/8	3/8	6/8	1	1	1/8		1/8	1		7	73	C#5	5	492
54	52	155	155	0.5	3/8	3/8	6/8	1	1	1/8		1/8	1		4	76	E5	5	492
54	52	155	155	0.5	3/8	3/8	6/8	1	1	1/8		1/8	1		8	80	G#5	5	492
54	52	155	155	0.5	3/8	3/8	6/8	1	1	1/8		1/8	1		7	85	C#6	6	492
